,REGION,SOVEREIGNT,SOV_A3,ADMIN,ADM0_A3,ISO_A3,GDP_2010USD_10yr_median,Gini_SWIID_10yr_median,Ed_spending_pcGDP_10yr_median,Ed_spending_yr,Mean_yr_school_10yr_median,Life_exp_birth_10yr_median,Life_exp_sixty_average,Urban_pop_pc_change_1960-2017
1,Asia,Afghanistan,AFG,Afghanistan,AFG,AFG,15856574731,30.15,3.43611002,2010,3.2,61.226,16.10790653,16.849
2,Africa,Angola,AGO,Angola,AGO,AGO,83799496611,47.7,2.859689951,2010,4.7,58.192,17.05145703,54.404
3,Europe,Albania,ALB,Albania,ALB,ALB,11926953214,38.35,3.268680096,2010,9.3,76.652,21.48055501,28.678
4,Asia,United Arab Emirates,ARE,United Arab Emirates,ARE,ARE,3.01E+11,38.8,1.2,2010,9.9,76.344,19.76542429,12.748
5,South America,Argentina,ARG,Argentina,ARG,ARG,4.24E+11,39.9,5.290629864,2010,9.8,75.595,21.37937092,18.138
6,Europe,Armenia,ARM,Armenia,ARM,ARM,9873142201,36.8,2.80591011,2010,11.1,73.331,19.16119486,11.828
7,Antarctica,Antarctica,ATA,Antarctica,ATA,ATA,NA,NA,0,2010,NA,NA,NA,NA
8,NA,France,FR1,French Southern and Antarctic Lands,ATF,ATF,2.67E+12,29.4,5.500279903,2010,10.9,81.66341463,25.16523788,18.3
9,Australia,Australia,AU1,Australia,AUS,AUS,1.15E+12,32.8,5.083129883,2010,12.4,81.69512195,25.03239729,4.375
10,Europe,Austria,AUT,Austria,AUT,AUT,4.00E+11,28.1,5.453040123,2010,11.8,80.5804878,23.72581962,-6.626
11,Europe,Azerbaijan,AZE,Azerbaijan,AZE,AZE,52070545111,29,2.555520058,2010,10.7,70.987,18.36035013,2.68
12,Africa,Burundi,BDI,Burundi,BDI,BDI,2032135247,36.7,5.933909893,2010,2.6,54.861,16.41905807,10.629
13,Europe,Belgium,BEL,Belgium,BEL,BEL,4.84E+11,25.7,6.595679998,2010,11.1,80.18292683,23.54979768,5.501
14,Africa,Benin,BEN,Benin,BEN,BEN,6970240895,44.7,4.271584988,2010,2.8,59.319,17.06315821,37.493
15,Africa,Burkina Faso,BFA,Burkina Faso,BFA,BFA,8979966766,39.85,4.478759766,2010,1.4,57.096,15.27762615,24.043
16,Asia,Bangladesh,BGD,Bangladesh,BGD,BGD,1.15E+11,33.9,2.131289959,2010,4.9,70.198,19.22892479,30.723
17,Europe,Bulgaria,BGR,Bulgaria,BGR,BGR,51579193177,33.2,3.932019949,2010,10.6,73.51219512,19.3861943,37.569
18,South America,The Bahamas,BHS,The Bahamas,BHS,BHS,10412761873,43.9,6.152930021,2010,10.9,74.761,22.25206401,23.213
19,Europe,Bosnia and Herzegovina,BIH,Bosnia and Herzegovina,BIH,BIH,17198998442,39.4,NA,NA,7.6,75.905,20.24496257,28.836
20,Europe,Belarus,BLR,Belarus,BLR,BLR,58665088956,24.4,4.984529972,2010,12,70.45609756,18.67540998,45.733
21,South America,Belize,BLZ,Belize,BLZ,BLZ,1396731700,49.1,6.348360062,2010,10.5,69.676,17.02095387,-8.427
22,South America,Bolivia,BOL,Bolivia,BOL,BOL,19649631451,45.3,6.964100122,2010,7.9,66.408,21.11723719,32.318
23,South America,Brazil,BRA,Brazil,BRA,BRA,2.21E+12,46.3,5.648799896,2010,6.9,73.838,21.67862894,40.17
24,Asia,Brunei,BRN,Brunei,BRN,BRN,13715438210,NA,3.105844975,2010,8.8,76.719,20.51027393,33.911
25,Asia,Bhutan,BTN,Bhutan,BTN,BTN,1585472534,39.5,5.193580151,2010,2.3,67.79,20.14963833,36.571
26,Africa,Botswana,BWA,Botswana,BWA,BWA,12786654366,58.7,9.632920265,2010,8.9,59.868,17.23391819,65.64
27,Africa,Central African Republic,CAF,Central African Republic,CAF,CAF,1846064167,50.45,1.303550005,2010,3.6,47.56,15.53735988,20.88
28,North America,Canada,CAN,Canada,CAN,CAN,1.61E+12,31,4.817394972,2010,12.6,81.24634146,24.65233526,12.289
29,Europe,Switzerland,CHE,Switzerland,CHE,CHE,5.84E+11,28.9,5.033370018,2010,13.3,82.24634146,24.95026158,2.837
30,South America,Chile,CHL,Chile,CHL,CHL,2.19E+11,45.3,4.103639841,2010,9.9,78.454,22.86953316,19.654
31,Asia,China,CH1,China,CHN,CHN,6.09E+12,42.7,3.66,2010,7.3,75.236,19.57563486,41.757
32,Africa,Ivory Coast,CIV,Ivory Coast,CIV,CIV,24392354395,41,4.41245985,2010,4.2,50.423,14.06116412,32.647
33,Africa,Cameroon,CMR,Cameroon,CMR,CMR,26143818510,43.1,2.768019915,2010,5.3,55.424,16.68520433,41.84
34,Africa,Democratic Republic of the Congo,COD,Democratic Republic of the Congo,COD,COD,21565720044,42.2,2.006820023,2010,5.4,56.907,16.62404451,21.58
35,Africa,Republic of the Congo,COG,Republic of the Congo,COG,COG,12007880439,46.5,4.289335012,2010,6.1,60.473,17.90346475,34.858
36,South America,Colombia,COL,Colombia,COL,COL,2.86E+11,49.8,4.45980978,2010,7.4,73.325,21.38934698,34.178
37,South America,Costa Rica,CRI,Costa Rica,CRI,CRI,37268616184,45.6,6.54489994,2010,8.4,78.756,23.59620516,44.306
38,South America,Cuba,CUB,Cuba,CUB,CUB,6.43E+10,NA,12.35275984,2010,10.8,78.959,23.12763237,18.576
39,Europe,Northern Cyprus,CYN,Northern Cyprus,CYN,CYN,24838410596,NA,6.404249907,2010,11.5,79.43,22.13207086,31.208
40,Europe,Cyprus,CYP,Cyprus,CYP,CYP,24838410596,29.8,6.404249907,2010,11.5,79.43,22.13207086,31.208
41,Europe,Czech Republic,CZE,Czech Republic,CZE,CZE,2.08E+11,25.2,4.090889931,2010,12.4,77.42439024,21.35573084,14.127
42,Europe,Germany,DEU,Germany,DEU,DEU,3.48E+12,28.7,4.846944809,2010,13.8,79.98780488,23.27256729,5.877
43,Africa,Djibouti,DJI,Djibouti,DJI,DJI,1128611700,41.6,8.322334766,2010,4,60.383,17.49697962,27.323
44,Europe,Denmark,DN1,Denmark,DNK,DNK,3.30E+11,25.1,7.907740116,2010,12.8,79.1,22.92931827,14.07
45,South America,Dominican Republic,DOM,Dominican Republic,DOM,DOM,53982886258,45.5,2.046789885,2010,7.3,72.702,21.74850077,50.086
46,Africa,Algeria,DZA,Algeria,DZA,DZA,1.61E+11,32.9,4.33701992,2010,7.2,74.676,21.53839198,41.542
47,South America,Ecuador,ECU,Ecuador,ECU,ECU,69555367000,44.3,4.726890087,2010,7.9,75.046,22.87426612,29.792
48,Africa,Egypt,EGY,Egypt,EGY,EGY,2.19E+11,40.4,3.881304979,2010,6.5,70.357,17.25538976,4.841
49,Africa,Eritrea,ERI,Eritrea,ERI,ERI,2179437333,NA,2.127000093,2010,3.9,62.181,NA,25.972
50,Europe,Spain,ESP,Spain,ESP,ESP,1.42E+12,33.7,4.328340054,2010,9.4,81.62682927,24.98728627,23.513
51,Europe,Estonia,EST,Estonia,EST,EST,21932809903,33,5.116640091,2010,12.5,75.42926829,21.44947316,11.184
52,Africa,Ethiopia,ETH,Ethiopia,ETH,ETH,29933790334,32.4,5.073059797,2010,2.3,61.625,17.91786903,13.877
53,Europe,Finland,FI1,Finland,FIN,FIN,2.48E+11,25.3,6.485179901,2010,12.3,79.87073171,23.75704486,30.035
54,Australia,Fiji,FJI,Fiji,FJI,FJI,3140508836,39.3,4.498479843,2010,9.6,69.267,17.0835741,26.061
55,South America,United Kingdom,GB1,Falkland Islands,FLK,FLK,2.52E+12,33.5,5.374690056,2010,12.8,80.40243902,23.82913896,4.699
56,Europe,France,FR1,France,FRA,FRA,2.67E+12,29.4,5.500279903,2010,10.9,81.66341463,25.16523788,18.3
57,Africa,Gabon,GAB,Gabon,GAB,GAB,14358584300,39.3,3.013400078,2010,7.6,62.893,18.26396412,71.578
58,Europe,United Kingdom,GB1,United Kingdom,GBR,GBR,2.52E+12,33.5,5.374690056,2010,12.8,80.40243902,23.82913896,4.699
59,Europe,Georgia,GEO,Georgia,GEO,GEO,11638500814,38.9,2.696870089,2010,12.2,72.73,18.72290002,15.162
60,Africa,Ghana,GHA,Ghana,GHA,GHA,32174772956,41.2,5.941709995,2010,6.7,60.924,15.59409806,32.155
61,Africa,Guinea,GIN,Guinea,GIN,GIN,6853467858,37.4,2.287420034,2010,1.6,56.765,15.04294665,25.321
62,Africa,Gambia,GMB,Gambia,GMB,GMB,910925126.2,42.6,3.182054996,2010,2.8,59.622,15.22019903,48.47
63,Africa,Guinea Bissau,GNB,Guinea Bissau,GNB,GNB,849050127.5,42.2,1.930940032,2010,2.6,55.05,15.04741662,29.345
64,Africa,Equatorial Guinea,GNQ,Equatorial Guinea,GNQ,GNQ,17361846463,49.2,2.19,1998,5.5,55.908,16.71668343,46.109
65,Europe,Greece,GRC,Greece,GRC,GRC,2.99E+11,33.2,3.963959932,2010,10.3,80.38780488,23.71208717,22.788
66,Europe,Denmark,DN1,Greenland,GRL,GRL,2490727405,25.1,7.907740116,2010,12.8,70.85707317,22.92931827,28.04
67,South America,Guatemala,GTM,Guatemala,GTM,GTM,41338521638,46.8,2.95517993,2010,4.6,71.494,21.63226021,19.559
68,South America,Guyana,GUY,Guyana,GUY,GUY,2273225042,46.3,3.752279997,2010,8.1,66.022,16.03593439,-2.471
69,South America,Honduras,HND,Honduras,HND,HND,15729644901,49.8,6.412970066,2010,5.4,72.446,22.12564887,33.71
70,Europe,Croatia,HRV,Croatia,HRV,HRV,59662318898,27.7,4.255320072,2010,10.8,76.47560976,20.56907444,26.513
71,South America,Haiti,HTI,Haiti,HTI,HTI,6988353381,52.85,3.1572299,2010,4.7,61.296,17.83876971,38.753
72,Europe,Hungary,HUN,Hungary,HUN,HUN,1.34E+11,27.4,4.768949986,2010,11.8,74.20731707,19.96608554,15.151
73,Asia,Indonesia,IDN,Indonesia,IDN,IDN,7.55E+11,45.6,3.238724947,2010,7.6,68.15,16.5115696,40.073
74,Asia,India,IND,India,IND,IND,1.68E+12,46.45,3.42347002,2010,5.4,66.625,17.73565852,15.676
75,Europe,Ireland,IRL,Ireland,IRL,IRL,2.30E+11,29.8,5.315760136,2010,11.9,80.74390244,23.58900192,17.763
76,Asia,Iran,IRN,Iran,IRN,IRN,4.62E+11,38.2,3.709180117,2010,9.1,73.932,19.42179561,40.659
77,Asia,Iraq,IRQ,Iraq,IRQ,IRQ,1.39E+11,30.2,3.55,1989,6.4,68.465,17.47771727,27.379
78,Europe,Iceland,ISL,Iceland,ISL,ISL,14170573428,26,7.371069908,2010,10.6,81.89756098,24.29174553,13.473
79,Europe,Israel,ISR,Israel,ISR,ISR,2.34E+11,36.6,5.697269917,2010,12.6,81.60243902,24.36444298,15.488
80,Europe,Italy,ITA,Italy,ITA,ITA,2.13E+12,33.1,4.164720058,2010,9.7,82.03658537,24.62641265,10.783
81,South America,Jamaica,JAM,Jamaica,JAM,JAM,13505052829,40.9,6.152930021,2010,8.9,74.883,22.16487385,21.609
82,Asia,Jordan,JOR,Jordan,JOR,JOR,26551480959,34.7,3.84,2016,9.9,73.412,19.02580149,39.868
83,Asia,Japan,JPN,Japan,JPN,JPN,5.78E+12,31.4,3.665380001,2010,11.5,82.84268293,25.74426557,28.263
84,Asia,Kazakhstan,KAZ,Kazakhstan,KAZ,KAZ,1.48E+11,26.1,2.707679987,2010,11.6,68.42926829,17.145447,13.138
85,Africa,Kenya,KEN,Kenya,KEN,KEN,40000088347,44.2,5.46399498,2010,6.1,62.936,18.37216881,19.2
86,Asia,Kyrgyzstan,KGZ,Kyrgyzstan,KGZ,KGZ,4817073517,34.1,5.985509872,2010,10.6,69.3,17.75606475,1.954
87,Asia,Cambodia,KHM,Cambodia,KHM,KHM,11242275199,34.75,1.599300027,2010,4.4,66.555,17.09379672,12.695
88,Asia,South Korea,KOR,South Korea,KOR,KOR,1.09E+12,31,4.766979933,2010,11.8,80.11707317,23.9542873,53.793
89,Europe,Kosovo,KOS,Kosovo,KOS,KOS,5830463576,30.8,NA,NA,NA,69.9,NA,NA
90,Asia,Kuwait,KWT,Kuwait,KWT,KWT,1.27E+11,NA,4.249129891,2010,6.7,73.979,17.61822182,25.107
91,Asia,Laos,LAO,Laos,LAO,LAO,7127792630,35,2.346319914,2010,4.6,64.357,16.62171847,26.422
92,Asia,Lebanon,LBN,Lebanon,LBN,LBN,38419626534,35.2,2.156290054,2010,7.9,78.43,22.10367415,46.086
93,Africa,Liberia,LBR,Liberia,LBR,LBR,2.00E+09,35.6,3.161420107,2010,4.1,59.631,15.49146557,32.065
94,Africa,Libya,LBY,Libya,LBY,LBY,63275999127,NA,NA,NA,7.3,71.629,18.27360931,52.494
95,Asia,Sri Lanka,LKA,Sri Lanka,LKA,LKA,56725749222,48.8,1.808609962,2010,10.9,74.352,20.43846708,1.953
96,Africa,Lesotho,LSO,Lesotho,LSO,LSO,2361613520,52.2,11.38967991,2010,5.8,50.826,15.54042209,24.218
97,Europe,Lithuania,LTU,Lithuania,LTU,LTU,40870192058,33.8,4.820549965,2010,11.9,73.26829268,20.44472151,28.056
98,Europe,Luxembourg,LUX,Luxembourg,LUX,LUX,53744023972,28.1,3.994390011,2010,11.8,80.63658537,23.71406579,21.171
99,Europe,Latvia,LVA,Latvia,LVA,LVA,26931897162,35.5,5.310075045,2010,12.5,73.48292683,19.79078595,15.208
100,Africa,Morocco,MAR,Morocco,MAR,MAR,93216746662,39.8,5.301395178,2010,4.2,73.999,20.09165922,32.551
101,Europe,Moldova,MDA,Moldova,MDA,MDA,6974960345,36.2,8.293430328,2010,11.1,69.616,17.30265747,19.133
102,Africa,Madagascar,MDG,Madagascar,MDG,MDG,8856903643,41.7,2.910409927,2010,6,63.388,16.87893811,25.88
103,South America,Mexico,MEX,Mexico,MEX,MEX,1.06E+12,46.1,5.103099823,2010,8.2,76.096,22.67395188,29.114
104,Europe,Macedonia,MKD,Macedonia,MKD,MKD,9407168702,34.3,3.3,2001,9.1,74.632,18.92548626,23.728
105,Africa,Mali,MLI,Mali,MLI,MLI,10678749467,37.9,3.52218008,2010,2,55.249,15.2297745,30.506
106,Asia,Myanmar,MMR,Myanmar,MMR,MMR,49540813342,33.3,0.787440002,2010,4.1,65.178,16.75979378,11.096
107,Europe,Montenegro,MNE,Montenegro,MNE,MNE,4156441979,31.25,4.501945019,2010,11.1,75.28,20.09934957,47.689
108,Asia,Mongolia,MNG,Mongolia,MNG,MNG,7189481824,33.3,4.702490091,2010,9.5,67.383,17.07980943,32.684
109,Africa,Mozambique,MOZ,Mozambique,MOZ,MOZ,10154238250,44,5.252820015,2010,3.2,54.7,16.77926346,28.587
110,Africa,Mauritania,MRT,Mauritania,MRT,MRT,4337794151,36.05,2.99477005,2010,3.8,61.997,16.45366603,45.944
111,Africa,Malawi,MWI,Malawi,MWI,MWI,6959655571,43.5,4.839839935,2010,4.3,57.263,17.97705899,12.324
112,Asia,Malaysia,MYS,Malaysia,MYS,MYS,2.55E+11,41.2,5.094384909,2010,9.8,74.21,19.52927447,48.849
113,Africa,Namibia,NAM,Namibia,NAM,NAM,11282192605,60,6.260900021,2010,6.2,58.189,17.05157697,31.096
114,Australia,France,FR1,New Caledonia,NCL,NCL,2.67E+12,29.4,5.500279903,2010,10.9,76.9804878,20.49823981,32.896
115,Africa,Niger,NER,Niger,NER,NER,5718664505,36.2,4.26742506,2010,1.4,56.838,15.95451803,10.557
116,Africa,Nigeria,NGA,Nigeria,NGA,NGA,3.63E+11,41.9,3.06,1975,5.2,50.847,13.68090624,34.109
117,South America,Nicaragua,NIC,Nicaragua,NIC,NIC,8758622329,42.95,4.125529766,2010,6,73.699,22.32969505,18.718
118,Europe,Netherlands,NL1,Netherlands,NLD,NLD,8.50E+11,26.8,5.475649834,2010,12,80.70243902,23.68650648,31.325
119,Europe,Norway,NOR,Norway,NOR,NOR,4.33E+11,24.6,6.86868,2010,12.6,80.99756098,24.00143532,31.951
120,Asia,Nepal,NPL,Nepal,NPL,NPL,16002656434,37.15,3.703589916,2010,3.3,67.914,17.26859835,15.856
121,Australia,New Zealand,NZ1,New Zealand,NZL,NZL,1.47E+11,32.2,6.336339951,2010,12,80.70243902,24.33306867,10.468
122,Asia,Oman,OMN,Oman,OMN,OMN,57992197659,31.9,4.023544908,2010,8.1,75.694,20.52186071,67.16
123,Asia,Pakistan,PAK,Pakistan,PAK,PAK,1.77E+11,34.2,2.493439913,2010,4.7,65.134,17.7437307,14.338
124,South America,Panama,PAN,Panama,PAN,PAN,29440300000,47.3,3.330649972,2010,9.3,76.828,23.93778817,26.116
125,South America,Peru,PER,Peru,PER,PER,1.48E+11,46.9,2.867749929,2010,8.6,73.681,21.26524936,30.909
126,Asia,Philippines,PHL,Philippines,PHL,PHL,2.00E+11,41.6,2.595340014,2010,9,68.32,17.17240194,16.385
127,Australia,Papua New Guinea,PNG,Papua New Guinea,PNG,PNG,14250726290,47.8,2.01,2017,4,64.634,16.84059019,9.377
128,Europe,Poland,POL,Poland,POL,POL,4.79E+11,31.3,4.940110207,2010,11.9,76.24634146,21.38653359,12.213
129,South America,United States of America,US1,Puerto Rico,PRI,PRI,98381300000,37.4,6.276870012,2010,13.2,78.42585366,23.73826354,49.04
130,Asia,North Korea,PRK,North Korea,PRK,PRK,2.80E+10,NA,NA,NA,NA,69.572,NA,21.483
131,Europe,Portugal,PRT,Portugal,PRT,PRT,2.34E+11,33.7,5.070759773,2010,8.1,79.02682927,23.71829047,29.697
132,South America,Paraguay,PRY,Paraguay,PRY,PRY,27215968616,46.2,4.365349889,2010,7.7,72.285,21.03179725,25.731
133,Asia,Qatar,QAT,Qatar,QAT,QAT,1.25E+11,39.6,3.992059946,2010,9.2,77.301,20.44196026,13.803
134,Europe,Romania,ROU,Romania,ROU,ROU,1.73E+11,33.2,3.471485019,2010,10.7,73.45853659,19.97906313,19.727
135,Europe,Russia,RUS,Russia,RUS,RUS,1.58E+12,35.4,3.820250034,2010,11.5,68.84121951,18.69748701,20.561
136,Africa,Rwanda,RWA,Rwanda,RWA,RWA,5783152633,47.2,4.471560001,2010,3.7,63.14,18.15888087,14.525
137,Africa,Western Sahara,SAH,Western Sahara,SAH,SAH,4337794151,NA,2.99477005,2010,3.8,61.997,16.45366603,NA
138,Asia,Saudi Arabia,SAU,Saudi Arabia,SAU,SAU,5.28E+11,47.8,5.430920124,2010,3.8,73.574,18.3467682,52.372
139,Africa,Sudan,SDN,Sudan,SDN,SDN,64342607849,36.1,2.082225025,2010,3.1,62.62,17.76118621,23.624
140,Africa,South Sudan,SDS,South Sudan,SDS,SDS,11824809546,46.3,1.220049977,2010,4.8,53.655,16.39362405,10.598
141,Africa,Senegal,SEN,Senegal,SEN,SEN,16215069256,39.3,6.130660057,2010,2.4,64.177,16.67382201,23.74
142,Australia,Solomon Islands,SLB,Solomon Islands,SLB,SLB,681151190,42.1,9.416944981,2010,5.1,68.572,17.42621233,17.518
143,Africa,Sierra Leone,SLE,Sierra Leone,SLE,SLE,2578026297,39.1,2.662919998,2010,3.1,48.224,13.01385143,24.284
144,South America,El Salvador,SLV,El Salvador,SLV,SLV,18447920000,40.7,3.825449944,2010,6.5,71.902,21.53599054,32.921
145,Africa,Somalia,SOM,Somalia,SOM,SOM,2.37E+09,NA,1.28,1973,2.1,53.986,16.08375651,27.079
146,Europe,Republic of Serbia,SRB,Republic of Serbia,SRB,SRB,42380207344,34.3,4.501945019,2010,10.4,74.33658537,19.12432237,NA
147,South America,Suriname,SUR,Suriname,SUR,SUR,4368398048,52.1,NA,NA,7.7,70.335,18.55054644,18.781
148,Europe,Slovakia,SVK,Slovakia,SVK,SVK,90090397692,25.3,3.962310076,2010,11.6,75.11219512,20.41981662,20.287
149,Europe,Slovenia,SVN,Slovenia,SVN,SVN,47874936326,24.7,5.562510014,2010,11.9,79.42195122,23.0663874,26.069
150,Europe,Sweden,SWE,Sweden,SWE,SWE,4.89E+11,25.4,6.621990204,2010,12.4,81.45121951,24.15249104,14.656
151,Africa,Swaziland,SWZ,Swaziland,SWZ,SWZ,4438778424,58.8,6.554759979,2010,5.7,51.598,15.95482623,19.712
152,Asia,Syria,SYR,Syria,SYR,SYR,5.96E+10,35.3,5.001055002,2010,6.3,72.108,19.14610501,16.693
153,Africa,Chad,TCD,Chad,TCD,TCD,10657705536,41.1,2.232025027,2010,1.9,50.233,15.73805244,16.163
154,Africa,Togo,TGO,Togo,TGO,TGO,3426022206,42.1,4.42320013,2010,4.3,57.465,15.05527786,31.064
155,Asia,Thailand,THA,Thailand,THA,THA,3.41E+11,40.6,3.93859005,2010,7.5,73.923,21.68005885,29.528
156,Asia,Tajikistan,TJK,Tajikistan,TJK,TJK,5642178580,44,3.935110092,2010,10.7,69.644,18.53265046,-6.186
157,Asia,Turkmenistan,TKM,Turkmenistan,TKM,TKM,22583157895,35.2,3.049249887,2010,9.8,66.657,17.36734144,4.741
158,Asia,East Timor,TLS,East Timor,TLS,TLS,3998961314,31.5,1.870329976,2010,4.4,67.313,16.89858212,20.121
159,South America,Trinidad and Tobago,TTO,Trinidad and Tobago,TTO,TTO,22157948396,41.8,3.14,2003,10.7,69.756,18.22008902,19.05
160,Africa,Tunisia,TUN,Tunisia,TUN,TUN,43206394579,37.7,6.445080042,2010,6.7,74.793,19.75589868,31.131
161,Europe,Turkey,TUR,Turkey,TUR,TUR,7.72E+11,40.4,4.364099979,2010,6.7,74.154,20.85685208,43.129
162,Asia,Taiwan,TWN,Taiwan,TWN,TWN,4.46E+11,30.4,4.22,2010,11.09,79.14541653,23.20677581,46.39
163,Africa,United Republic of Tanzania,TZA,United Republic of Tanzania,TZA,TZA,32014249841,44.2,4.04365015,2010,5.1,60.893,18.01799225,27.807
164,Africa,Uganda,UGA,Uganda,UGA,UGA,20186496527,41.3,2.436074972,2010,5.3,57.153,17.17759568,18.779
165,Europe,Ukraine,UKR,Ukraine,UKR,UKR,1.40E+11,27,6.208730221,2010,11.3,70.26536585,18.36712236,22.454
166,South America,Uruguay,URY,Uruguay,URY,URY,40284481652,39.3,2.880259991,2010,8.4,76.588,21.96237506,14.999
167,North America,United States of America,US1,United States of America,USA,USA,1.50E+13,37.4,5.194859982,2010,13.2,78.54146341,23.27545261,12.062
168,Asia,Uzbekistan,UZB,Uzbekistan,UZB,UZB,39332770929,NA,7.283539772,2010,10.7,70.005,18.02184074,16.572
169,South America,Venezuela,VEN,Venezuela,VEN,VEN,4.04E+11,38,3.669059992,2010,8.9,73.625,20.68523194,26.57
170,Asia,Vietnam,VNM,Vietnam,VNM,VNM,1.16E+11,37.4,5.011980057,2010,7.6,75.117,22.32118785,20.513
171,Australia,Vanuatu,VUT,Vanuatu,VUT,VUT,700804286.2,38.1,5.281409979,2010,6.7,70.721,18.01422071,14.759
172,Europe,Palestine,PSE,West Bank,WEB,PSE,8913100000,35.4,5.302499771,2010,8.5,72.444,18.53287029,8.185
173,Asia,Yemen,YEM,Yemen,YEM,YEM,27622544883,35.9,5.15143013,2010,2.6,63.508,16.28027682,26.916
174,Africa,South Africa,ZAF,South Africa,ZAF,ZAF,3.75E+11,59.7,5.721739769,2010,9.9,55.888,16.37093026,19.231
175,Africa,Zambia,ZMB,Zambia,ZMB,ZMB,20265556274,54,1.240759969,2010,6.6,56.588,17.52085096,24.831
176,Africa,Zimbabwe,ZWE,Zimbabwe,ZWE,ZWE,12041655200,45.7,7.351300001,2010,7.3,52.975,17.59408414,19.629
177,South America,Netherlands,NL1,Aruba,ABW,ABW,2551409423,26.8,6.099900007,2010,12,75.016,19.90431737,-7.483
178,South America,United Kingdom,GB1,Anguilla,AIA,AIA,2.52E+12,33.5,5.374690056,2010,12.8,80.40243902,23.82913896,4.699
179,Europe,Finland,FI1,Aland,ALD,ALA,2.48E+11,25.3,6.485179901,2010,12.3,79.87073171,23.75704486,30.035
180,Europe,Andorra,AND,Andorra,AND,AND,3355695364,31.4,2.963939905,2010,10.1,82.36,NA,29.7
181,Australia,United States of America,US1,American Samoa,ASM,ASM,5.76E+08,37.4,14.62928009,2010,13.2,78.54146341,23.27545261,20.959
182,Australia,Australia,AU1,Ashmore and Cartier Islands,ATC,Ashm,1.15E+12,32.8,5.083129883,2010,12.4,81.69512195,25.03239729,4.375
183,South America,Antigua and Barbuda,ATG,Antigua and Barbuda,ATG,ATG,1221221061,47,2.517240047,2010,9.2,75.412,21.37649265,-14.943
184,Asia,Bahrain,BHR,Bahrain,BHR,BHR,25713271277,51.1,2.575000048,2010,8.4,76.056,19.31422398,6.866
185,Europe,France,FR1,Saint Barthelemy,BLM,BLM,2.67E+12,29.4,5.500279903,2010,10.9,81.66341463,25.16523788,18.3
186,South America,United Kingdom,GB1,Bermuda,BMU,BMU,5744414000,33.5,1.988770008,2010,12.8,79.38843902,23.82913896,0
187,South America,Barbados,BRB,Barbados,BRB,BRB,4572907997,46.65,5.286205053,2010,9.4,74.973,19.55317881,-5.618
188,Australia,New Zealand,NZ1,Cook Islands,COK,COK,1.47E+11,32.2,6.336339951,2010,12,80.70243902,24.33306867,10.468
189,Africa,Comoros,COM,Comoros,COM,COM,907093130.3,53.1,4.877460003,2010,4.2,61.862,16.19059874,16.233
190,Africa,Cape Verde,CPV,Cape Verde,CPV,CPV,1664310770,48.1,5.308959961,2010,5.1,71.941,18.36890044,48.582
191,South America,Netherlands,NL1,Curacao,CUW,CUW,8.50E+11,26.8,4.930950165,2010,12,77.47317073,22.6352136,14.493
192,South America,United Kingdom,GB1,Cayman Islands,CYM,CYM,2.52E+12,33.5,1.885744989,2010,12.8,82.1902439,23.82913896,0
193,South America,Dominica,DMA,Dominica,DMA,DMA,490525417.5,44.7,3.386070013,2010,7.8,72.24235716,NA,32.335
194,Europe,Denmark,DN1,Faroe Islands,FRO,FRO,2320424601,25.1,7.907740116,2010,12.8,80.58780488,22.92931827,14.07
195,Australia,Federated States of Micronesia,FSM,Federated States of Micronesia,FSM,FSM,296471675.7,41.7,12.45950031,2010,7.2,68.582,17.18803592,0.296
196,Europe,Palestine,PSE,Gaza,GAZ,Gaza,8913100000,34.4,5.302499771,2010,8.5,72.444,18.53287029,8.185
197,Europe,United Kingdom,GB1,Guernsey,GGY,GGY,2.52E+12,33.5,5.374690056,2010,12.8,80.145,23.18585629,4.699
198,South America,Grenada,GRD,Grenada,GRD,GRD,785994301.6,43.35,3.5,2010,8.3,72.618,18.71992653,5.832
199,Australia,United States of America,US1,Guam,GUM,GUM,4.90E+09,37.4,5.194859982,2010,13.2,78.134,22.07444441,44.552
200,Asia,China,CH1,Hong Kong S.A.R.,HKG,HKG,2.29E+11,42.7,3.510030031,2010,7.3,82.97804878,25.67166684,41.757
201,NA,Australia,AU1,Heard Island and McDonald Islands,HMD,HMD,1.15E+12,32.8,5.083129883,2010,12.4,81.69512195,25.03239729,4.375
202,Europe,United Kingdom,GB1,Isle of Man,IMN,IMN,5920177689,33.5,5.374690056,2010,12.8,80.40243902,23.82913896,-2.665
203,Australia,Australia,AU1,Indian Ocean Territories,IOA,IOA,1.15E+12,32.8,5.083129883,2010,12.4,81.69512195,25.03239729,4.375
204,Europe,United Kingdom,GB1,British Indian Ocean Territory,IOT,IOT,2.52E+12,33.5,5.374690056,2010,12.8,80.40243902,23.82913896,4.699
205,Europe,United Kingdom,GB1,Jersey,JEY,JEY,2.52E+12,33.5,5.374690056,2010,12.8,80.145,23.18585629,4.699
206,Asia,Kashmir,KAS,Siachen Glacier,KAS,KAS,1.76E+12,NA,2.996941233,2010,5.413086339,67.33945524,18.01559888,5.413086339
207,Australia,Kiribati,KIR,Kiribati,KIR,KIR,158610338.3,38.2,11.99,2001,7.9,65.354,16.73322945,36.972
208,South America,Saint Kitts and Nevis,KNA,Saint Kitts and Nevis,KNA,KNA,778193788,41,3.98573494,2010,7.8,72.24235716,NA,3.129
209,South America,Saint Lucia,LCA,Saint Lucia,LCA,LCA,1415547904,45.9,4.324154854,2010,8.4,74.465,21.09379786,-2.848
210,Europe,Liechtenstein,LIE,Liechtenstein,LIE,LIE,5082366478,NA,2.051089883,2010,12.1,81.84146341,NA,-6.122
211,Asia,China,CH1,Macau S.A.R,MAC,MAC,28123640999,42.7,2.290649891,2010,7.3,82.704,25.17326343,41.757
212,Europe,France,FR1,Saint Martin,MAF,MAF,2.67E+12,29.4,5.500279903,2010,10.9,78.72195122,25.16523788,18.3
213,Europe,Monaco,MCO,Monaco,MCO,MCO,5798543046,NA,1.33158505,2010,NA,89.78,NA,0
214,Asia,Maldives,MDV,Maldives,MDV,MDV,2600891738,39.65,4.417880058,2010,4.9,76.112,19.49221549,28.207
215,Australia,Marshall Islands,MHL,Marshall Islands,MHL,MHL,164969100,NA,12.24,2003,10.8,69.51343385,NA,41.05
216,Europe,Malta,MLT,Malta,MLT,MLT,8741059603,27.2,6.454889774,2010,10.3,80.74634146,22.69371187,4.417
217,Australia,United States of America,US1,Northern Mariana Islands,MNP,MNP,7.99E+08,37.4,5.194859982,2010,13.2,78.54146341,23.27545261,40.311
218,South America,United Kingdom,GB1,Montserrat,MSR,MSR,2.52E+12,33.5,5.374690056,2010,12.8,80.40243902,23.82913896,4.699
219,Africa,Mauritius,MUS,Mauritius,MUS,MUS,10003670690,36.55,3.551470041,2010,8.2,72.96731707,20.16609289,5.73
220,Australia,Australia,AU1,Norfolk Island,NFK,NFK,1.15E+12,32.8,5.083129883,2010,12.4,81.69512195,25.03239729,4.375
221,Australia,New Zealand,NZ1,Niue,NIU,NIU,1.47E+11,32.2,6.336339951,2010,12,80.70243902,24.33306867,10.468
222,Australia,Nauru,NRU,Nauru,NRU,NRU,54986824.29,46,NA,NA,NA,69.51343385,NA,0
223,Australia,United Kingdom,GB1,Pitcairn Islands,PCN,PCN,2.52E+12,33.5,5.374690056,2010,12.8,80.40243902,23.82913896,4.699
224,Australia,Palau,PLW,Palau,PLW,PLW,199645404.8,46.9,7.58,2002,12.1,69.12926829,NA,22.542
225,Australia,France,FR1,French Polynesia,PYF,PYF,2.67E+12,29.4,5.500279903,2010,10.9,75.643,20.26159365,19.503
226,Asia,Singapore,SGP,Singapore,SGP,SGP,2.40E+11,39.3,3.031840086,2010,11.2,81.54146341,24.47766934,0
227,Europe,United Kingdom,GB1,South Georgia and South Sandwich Islands,SGS,SGS,2.52E+12,33.5,5.374690056,2010,12.8,80.40243902,23.82913896,4.699
228,Africa,United Kingdom,GB1,Saint Helena,SHN,SHN,2.52E+12,33.5,5.374690056,2010,12.8,80.40243902,23.82913896,4.699
229,Europe,San Marino,SMR,San Marino,SMR,SMR,2139072848,NA,2.346359968,2010,9.7,85.41707317,24.62641265,48.172
230,North America,France,FR1,Saint Pierre and Miquelon,SPM,SPM,2.67E+12,29.4,5.500279903,2010,10.9,81.66341463,25.16523788,18.3
231,Africa,Sao Tome and Principe,STP,Sao Tome and Principe,STP,STP,197454052.1,30.3,5.747090101,2010,4.9,65.875,18.24209623,55.895
232,Europe,Netherlands,NL1,Sint Maarten,SXM,SXM,8.50E+11,26.8,5.475649834,2010,12,74.5402439,23.68650648,31.325
233,Africa,Seychelles,SYC,Seychelles,SYC,SYC,969936525.3,40.95,3.608129978,2010,8.1,73.14390244,19.34054955,28.588
234,South America,United Kingdom,GB1,Turks and Caicos Islands,TCA,TCA,686787810,33.5,2.903139949,2010,12.8,80.40243902,23.82913896,45.138
235,Australia,Tonga,TON,Tonga,TON,TON,369485198.8,37.7,3.91,2004,10.7,72.173,18.7893887,5.617
236,Europe,Vatican,VAT,Vatican,VAT,VAT,2.13E+12,NA,4.164720058,2010,9.7,82.03658537,24.62641265,10.783
237,South America,Saint Vincent and the Grenadines,VCT,Saint Vincent and the Grenadines,VCT,VCT,700354717,48.7,5.822275162,2010,8.3,72.327,19.87444069,25.841
238,South America,United Kingdom,GB1,British Virgin Islands,VGB,VGB,2.52E+12,33.5,4.111484766,2010,12.8,80.40243902,23.82913896,35.109
239,South America,United States of America,US1,United States Virgin Islands,VIR,VIR,4232596793,37.4,5.194859982,2010,13.2,78.41707317,22.32969103,39.126
240,Australia,France,FR1,Wallis and Futuna,WLF,WLF,2.67E+12,29.4,5.500279903,2010,10.9,81.66341463,25.16523788,18.3
241,Australia,Samoa,WSM,Samoa,WSM,WSM,669733497.9,41.5,5.144209862,2010,10,73.122,19.53352024,-0.474
242,Australia,Tuvalu,TUV,Tuvalu,TUV,TUV,32904167.22,39.3,3.73,1997,NA,69.51343385,NA,45.635
243,NA,France,FR1,French Guiana,GUF,NA,2.67E+12,29.4,5.500279903,2010,10.9,81.66341463,25.16523788,18.3
244,NA,France,FR1,Clipperton Island,CLP,CLP,2.67E+12,29.4,5.500279903,2010,10.9,81.66341463,25.16523788,18.3
245,Europe,Cyprus No Mans Area,CNM,Cyprus No Mans Area,CNM,CNM,NA,NA,6.404249907,2010,NA,NA,NA,NA
246,Australia,Australia,AU1,Coral Sea Islands,CSI,CSI,1.15E+12,32.8,5.083129883,2010,12.4,81.69512195,25.03239729,4.375
247,Europe,United Kingdom,GB1,Dhekelia Sovereign Base Area,ESB,ESB,2.52E+12,33.5,5.374690056,2010,12.8,80.40243902,23.82913896,4.699
248,Europe,United Kingdom,GB1,Gibraltar,GIB,GIB,2.52E+12,33.5,5.374690056,2010,12.8,80.40243902,23.82913896,0
249,Europe,Kazakhstan,KAZ,Baykonur Cosmodrome,KAB,KAB,1.48E+11,26.1,2.707679987,2010,11.6,68.42926829,17.145447,13.138
250,Asia,Korea No Mans Area,KNM,Korea No Mans Area,KNM,KNM,NA,NA,4.766979933,2010,NA,NA,NA,NA
251,Africa,Somaliland,SOL,Somaliland,SOL,SOL,2.37E+09,NA,1.28,1973,2.1,53.986,16.08375651,27.079
252,North America,United States of America,US1,United States Minor Outlying Islands,UMI,UMI,1.50E+13,37.4,5.194859982,2010,13.2,78.54146341,23.27545261,12.062
253,North America,Cuba,USG,US Naval Base Guantanamo Bay,USG,USG,6.43E+10,NA,12.35275984,2010,10.8,78.959,23.12763237,18.576
254,Europe,United Kingdom,GB1,Akrotiri Sovereign Base Area,WSB,WSB,2.52E+12,33.5,5.374690056,2010,12.8,80.40243902,23.82913896,4.699