LANG_ISO,L1_POP
aaa,9000
aab,7000
aac,50
aad,830
aae,100000
aaf,200
aag,290
aai,3470
aak,1600
aal,5000
aan,6
aap,340
aaq,1800
aar,1379200
aas,350
aat,50000
aau,7270
aaw,2200
aax,10000
aaz,70000
aba,170000
abb,12000
abc,1660
abd,3800
abe,14
abf,0
abg,5
abi,50500
abj,0
abk,105000
abl,180000
abm,12500
abn,25000
abo,1000
abp,3000
abq,37800
abr,1183000
abs,200000
abt,44000
abu,55100
abw,1160
abx,26400
aby,650
abz,16000
aca,250
acd,10400
ace,3500000
acf,206700
ach,1197000
aci,0
ack,0
acl,0
acn,62700
acp,5000
acr,85600
acs,0
acu,7000
acv,10
acz,9830
ada,800000
add,2600
ade,27300
adg,10
adh,360000
adi,98090
adj,100000
adl,30000
adn,3000
ado,4200
adq,2200
adr,98000
adt,110
adw,83
adx,1800000
ady,467800
adz,30000
aea,0
aee,54400
aek,300
ael,2600
aem,40
aeq,100
aer,2380
aeu,11400
aew,770
aey,5300
aez,3400
afd,400
afe,70000
afi,75
afk,1270
afn,200
afo,25000
afp,290
afr,6969900
afs,200
aft,4510
afu,180000
afz,120
agb,60000
agc,70000
agd,27000
age,18600
agf,150
agg,1270
agh,13600
agj,43700
agk,5
agl,350
agm,2100
agn,15000
ago,1000
agq,26700
agr,38300
ags,20000
agt,780
agu,18000
agv,2530
agw,5170
agx,29300
agy,1000
agz,1500
aha,142000
ahb,750
ahg,1650
ahh,3000
ahi,9000
ahk,563960
ahl,6000
ahm,2000
ahn,300
aho,0
ahp,6500
ahs,40000
aht,80
aia,6750
aib,6570
aic,100
aid,0
aie,230
aif,960
aig,151270
aih,2700
aii,75000
aik,3000
ail,140
aim,2640
ain,25
aio,1500
aip,40
aiq,480000
air,1000
ait,0
aiw,235000
aix,2000
aiy,35000
aja,200
ajg,512500
aji,5360
aju,8930
ajw,0
ajz,125000
aka,8300000
akb,750000
akc,7000
akd,11400
ake,5350
akf,26900
akg,16000
akh,40000
aki,750
akj,0
akl,435000
akm,0
ako,10
akp,27000
akq,75
akr,8
aks,47500
akt,950
aku,1400
akv,210
akw,24100
akx,0
aky,0
akz,250
ala,35100
alc,12
ald,23000
ale,500
alf,16300
alh,12
ali,1780
alj,7690
alk,4000
all,350
alm,300
aln,6678000
alo,12600
alp,17200
alq,1760
alr,25
als,1580000
alt,57400
alu,17900
alw,287000
alx,270
aly,1660
alz,1367000
ama,192
amb,1000
amc,310
ame,9830
amf,73500
amg,1
amh,21600000
ami,138000
amj,41100
amk,10100
aml,41900
amm,480
amn,4420
amo,12300
amp,1530
amq,50
amr,500
ams,1800
amt,300
amu,30600
amv,5700
amw,15000
amx,1000
amy,30
amz,0
ana,0
anb,0
anc,400000
and,4600
ane,5730
anf,700
anh,2000
ani,5800
anj,980
ank,200000
anl,4000
anm,23250
ann,250000
ano,370
anp,743600
anq,250
anr,100000
ans,0
ant,12
anu,140000
anv,11200
anw,1400000
anx,1310
any,860000
anz,800
aoa,5000
aob,15
aoc,6010
aod,1080
aoe,22000
aof,460
aog,8220
aoi,1290
aoj,11000
aok,10
aol,25000
aom,800
aon,4340
aos,500
aot,10000
aox,0
aoz,700000
apb,11500
ape,16200
apg,30000
aph,5530
api,1
apj,300
apk,3
apm,1500
apn,1260
apo,1200
app,7800
apr,3020
aps,1150
apt,28400
apu,2780
apw,14000
apx,150
apy,450
apz,2390
aqc,970
aqg,48000
aqm,1000
aqn,200
aqr,170
ard,12
are,1000
arg,10000
arh,8000
ari,10
arj,268
ark,2
arl,50
arn,258410
aro,110
arp,1000
arr,210
arv,7210
arw,2450
arx,12
asa,500000
asb,0
asc,9000
asg,100000
ash,0
asi,1000
asj,7000
ask,40000
asl,8760
asm,12800000
asn,120
aso,30000
asr,7000
ass,2500
ast,110000
asu,300
asv,25500
asx,810
asy,2000
asz,230
ata,2000
atb,110000
atd,26700
ate,60
atg,20000
ati,381000
atj,5920
atk,1500
atl,150
atm,2
atn,21100
ato,4200
atp,710
atq,12000
atr,930
ats,10
att,1000
atu,50000
atv,57400
atx,42
aty,900
atz,11
aua,10
aub,3500
auc,1650
aud,270
aug,3470
auh,100000
aui,890
auj,3000
auk,2710
aul,750
aum,5000
aun,500
aup,1300
auq,320
aur,740
aut,3000
auu,350
auw,350
aux,0
auy,11100
ava,761000
avb,620
avd,0
ave,0
avi,21000
avn,24000
avs,0
avt,8000
avu,65000
avv,14
awa,3032000
awb,2050
awc,20000
awe,170
awh,100
awi,8000
awk,0
awm,60
awn,489000
awo,6000
awr,70
aws,9340
awt,280
awu,7500
awv,2300
aww,400
awx,1900
awy,3870
axg,150
axk,30000
axx,760
aya,1090
ayb,227000
ayc,219000
ayd,0
aye,3000
ayg,12000
ayi,10000
ayk,0
ayo,4300
ayq,430
ayr,2589000
ayt,1000
ayu,800
ayz,20000
aza,53000
azb,16660000
azg,3480
azj,7094000
azm,900
azo,19000
azt,300
azz,125000
baa,7070
bab,8860
bac,20000
bae,240
baf,4500
bag,26000
bah,225000
baj,4450
bak,1150000
bam,4005500
ban,3330000
bao,539
bap,147400
bar,14080000
bas,230000
bau,40000
bav,27000
baw,10000
bax,215000
bay,3640
bba,560000
bbb,800
bbc,2000000
bbd,3150
bbe,11000
bbf,340
bbg,6000
bbh,2700
bbi,3000
bbj,260000
bbk,39000
bbl,3420
bbm,2550
bbn,10000
bbo,60000
bbp,7500
bbq,10800
bbr,4000
bbs,4000
bbt,12000
bbu,40000
bbv,920
bbw,24500
bby,2980
bca,800000
bcc,3305000
bcd,1000
bce,4000
bcf,6310
bcg,3000
bch,1380
bci,2130000
bcj,160
bck,110
bcl,2500000
bcm,1000
bcn,2000
bco,2500
bcp,42000
bcq,347000
bcr,200
bcs,30000
bct,32000
bcu,1450
bcv,10000
bcw,23000
bcy,150000
bcz,30000
bda,18290
bdb,15000
bdc,5000
bdd,4000
bde,250000
bdg,0
bdh,26300
bdi,18000
bdj,2500
bdk,200
bdl,150000
bdm,54800
bdn,4
bdo,4500
bdp,27000
bdq,158000
bdr,0
bds,13000
bdt,130000
bdu,106000
bdv,50000
bdw,1100
bdx,70
bdy,100
bea,370
beb,24000
bec,12000
bed,180
bee,3310
bef,45000
beg,1000
beh,104080
bei,4000
bej,1186000
bek,1050
bel,2220000
bem,4110000
ben,192521100
beo,4200
bep,10000
beq,40000
bes,1230
bet,130000
beu,11000
bev,130000
bew,5000000
bex,100000
bey,2200
bez,670000
bfa,480000
bfb,638000
bfc,12000
bfd,105000
bfe,600
bff,23500
bfg,3000
bfh,670
bfj,17000
bfl,35500
bfm,35000
bfn,76000
bfo,108000
bfp,3000
bfq,135000
bfs,400000
bft,290000
bfu,4000
bfw,9000
bfy,2860000
bfz,1000000
bga,16000
bgb,1500
bgc,8000000
bgd,101000
bge,27200
bgf,2700
bgg,900
bgi,55000
bgj,14000
bgk,2160
bgl,2950
bgn,1795000
bgo,0
bgp,1800800
bgq,847000
bgr,15940
bgs,43000
bgt,4050
bgu,3000
bgv,300
bgw,217000
bgx,331000
bgy,350
bgz,125000
bha,197000
bhb,3310000
bhc,300
bhd,53000
bhe,70
bhf,240
bhg,7000
bhh,10000
bhi,681000
bhj,11700
bhl,2250
bhm,200
bhn,1000
bho,39380000
bhp,500000
bhq,130000
bhr,600000
bhs,7000
bht,102000
bhu,6790
bhv,19000
bhw,30000
bhy,15000
bhz,6800
bia,20
bib,528000
bid,14000
bie,50
bif,44900
big,1400
bij,20000
bil,38000
bim,120000
bin,1000000
bio,750
bip,40000
biq,1200
bir,260
bis,10000
bit,350
biu,19000
biv,129310
biw,12000
bix,25000
biy,2000
biz,20000
bja,226000
bjb,0
bjc,460
bje,43000
bjf,20
bjg,29900
bjh,550
bji,70100
bjj,9500000
bjk,2120
bjl,910
bjm,20000
bjo,102000
bjr,360
bjs,256000
bjt,82800
bju,8
bjv,36000
bjw,10300
bjx,3500
bjy,0
bjz,2230
bka,5000
bkc,43200
bkd,100000
bkf,1000
bkh,50000
bki,350
bkj,9700
bkk,10000
bkl,1200
bkm,233000
bkn,860
bko,1000
bkp,21000
bkq,950
bkr,100000
bks,85000
bkt,4200
bku,8000
bkv,100000
bkw,12060
bkx,72000
bky,143700
bkz,27000
bla,3350
blb,8740
blc,20
bld,23000
ble,397000
blf,96000
blh,12800
bli,100000
blj,30000
blk,560740
blm,65000
bln,135000
blo,45900
blp,1770
blq,1000
blr,55200
bls,3200
blt,759700
blv,2630
blw,21300
blx,5000
bly,1500
blz,30000
bma,10000
bmb,252000
bmc,2200
bmd,4000
bmg,20000
bmh,1750
bmi,44800
bmj,8770
bmk,2810
bml,2500
bmm,1000000
bmn,0
bmo,29000
bmp,50
bmq,158000
bmr,150
bms,20000
bmt,20000
bmu,9000
bmv,21400
bmw,39300
bmx,650
bmz,850
bna,9500
bnb,0
bnd,3000
bne,11200
bnf,1000
bng,5000
bni,111300
bnj,7190
bnk,800
bnl,59
bnm,15000
bnn,38000
bno,75000
bnp,13700
bnq,3000
bnr,520
bns,3070000
bnu,25000
bnv,200
bnw,450
bnx,171000
bny,4200
bnz,450
boa,2430
bob,8000
bod,1159750
boe,200
bof,22920
boh,20500
boi,0
boj,2020
bok,3000
bol,100000
bom,1000000
bon,2000
boo,2500
bop,180
boq,300
bor,1392
bot,10100
bou,50000
bov,11400
bow,12
box,186000
boy,15
boz,118000
bpa,1200
bpd,102000
bpg,790
bph,210
bpi,50
bpj,165000
bpk,490
bpm,380
bpn,60000
bpp,450
bpq,3690
bpr,150000
bps,90800
bpt,0
bpu,850
bpv,2900
bpw,85
bpx,10000
bpy,117500
bpz,7000
bqa,2500
bqb,300
bqc,150000
bqd,3
bqg,7500
bqh,10000
bqi,1000000
bqj,11200
bqk,42500
bql,30
bqm,4000
bqo,2230
bqp,48000
bqq,250
bqr,4350
bqs,1300
bqt,12000
bqu,0
bqv,106000
bqw,1000
bqx,15000
bqz,30000
bra,574000
brb,32140
brd,160
bre,206000
brf,120000
brg,40
brh,4220000
bri,32200
brj,70
brk,0
brl,15000
brm,25600
brn,3
bro,300
brp,2500
brq,1100
brr,5900
brs,250
brt,52300
bru,82300
brv,20000
brw,1000
brx,1334380
bry,260
brz,1250
bsa,300
bsb,57600
bsc,21900
bse,25000
bsf,20000
bsg,7030
bsh,18700
bsi,5000
bsj,6000
bsk,87000
bsl,0
bsm,700
bsn,1890
bsp,4000
bsq,403000
bsr,20
bss,100000
bst,92600
bsu,200
bsw,5480
bsx,100
bsy,0
bta,152500
btc,800
btd,1200000
bte,15000
btf,10400
btg,150000
bth,72380
bti,100
btm,1100000
btn,2
bto,234000
btp,310
btq,1000
btr,1330
bts,1200000
btt,100000
btu,25000
btv,29100
btw,34500
btx,600000
bty,4500
btz,195000
bub,7710
buc,39000
bud,157000
buf,155000
bug,5017800
buh,9720
bui,4000
buj,2000
buk,12000
bul,7807900
bum,858000
bun,135000
buo,26500
bup,2300
buq,1190
bus,62000
but,3600
buu,180000
buv,480
buw,5000
bux,50000
buy,8350
buz,1000
bva,4100
bvb,51000
bvc,8800
bvd,5900
bvf,100
bvg,3000
bvh,20
bvi,16000
bvj,5000
bvk,400
bvm,31000
bvn,750
bvo,1800
bvq,200
bvr,1070
bvt,3500
bvv,0
bvw,10000
bvx,4000
bvz,1500
bwa,150
bwb,1630
bwc,32000
bwd,6500
bwe,17200
bwf,610
bwg,17000
bwi,610
bwj,69200
bwk,520
bwl,8400
bwm,3040
bwn,5800
bwo,37500
bwp,20000
bwq,160000
bwr,250000
bws,23000
bwt,8400
bwu,150000
bww,200000
bwx,258000
bwy,24000
bwz,4250
bxa,4980
bxb,8000
bxc,1000
bxd,400
bxe,10
bxf,4180
bxg,0
bxh,1350
bxi,0
bxj,6
bxk,1433000
bxl,500
bxm,45100
bxn,3
bxp,6000
bxq,120
bxr,219000
bxs,1490
bxu,65000
bxw,6000
bxz,630
bya,200
byc,30000
byd,54000
bye,960
byf,50
byg,850
byh,21700
byi,10000
byj,7000
byk,80000
byl,100
byn,91000
byo,120000
byp,11400
byq,0
byr,6600
bys,4000
byt,0
byv,210000
byw,600
byx,6350
byz,2480
bza,100000
bzb,1700
bzc,1830000
bzd,11000
bze,197000
bzf,31300
bzh,10500
bzi,240
bzj,70000
bzk,30000
bzl,2700
bzm,3000
bzn,3240
bzo,5500
bzp,1500
bzq,2520
bzr,0
bzu,250
bzv,2500
bzw,100000
bzx,30000
bzy,65000
bzz,11000
caa,30010
cab,130800
cac,43370
cad,25
cae,12000
caf,500
cag,13920
cak,451000
cal,2420
cam,2600
can,1700
cao,550
cap,1200
caq,37000
car,7358
cas,5320
cat,3900000
cav,1680
cax,5860
cay,250
caz,583
cbb,270
cbc,642
cbd,6
cbg,480
cbi,9500
cbj,80000
cbk,1200000
cbl,2500
cbn,1500
cbo,1500
cbr,1150
cbs,1150
cbt,7870
cbu,1120
cbv,400
ccc,2
ccd,40
cce,760000
ccg,107000
cch,30000
ccj,0
ccl,45000
ccm,0
cco,2000
ccp,326000
ccr,0
cda,154000
cde,26000
cdf,7000
cdh,130000
cdi,209000
cdj,111000
cdm,48500
cdn,1830
cdr,45000
cdy,20000
cdz,44300
cea,0
ceb,15800000
ceg,1600
cen,50000
ces,10411000
cet,200
cfa,25000
cfd,3000
cfg,11400
cfm,107300
cga,690
cgc,30000
cgg,1580000
cgk,30000
cha,94700
chc,500
chd,2420
che,1353000
chf,36500
chg,0
chh,19
chj,37900
chk,45900
chl,35
chn,723
cho,10400
chp,11900
chq,8000
chr,10400
cht,0
chv,1043000
chw,947000
chx,4280
chy,2100
chz,3140
cia,79000
cib,25000
cic,600
cid,0
cie,3000
cih,750
cik,1060
cim,2230
cin,1300
cip,17
cir,600
ciw,5000
ciy,63
cja,233000
cje,19300
cjh,200
cji,500
cjk,977700
cjm,72900
cjn,180
cjo,12000
cjp,8840
cjs,2840
cjv,23100
ckb,6750000
ckh,4000
ckl,100000
cko,137600
ckq,10000
ckr,900
cks,900
ckt,5100
cku,200
ckv,24
ckx,5000
cky,5000
cla,115000
clc,930
cld,100000
cle,2000
clh,1000
cli,6000
clk,11080
cll,3000
clm,5
clo,1060
clu,30000
clw,44
cly,1800
cma,33300
cme,63100
cmi,5510
cml,30000
cmo,70000
cmr,75000
cna,10100
cnb,19600
cnc,2030
cng,57800
cnh,125000
cni,26000
cnk,62090
cnl,10700
cns,7000
cnt,1850
cnu,76300
cnw,15000
cob,1600
coc,350
cod,250
coe,2100
cof,2300
cog,500
coh,184000
coj,0
cok,3880
col,40
com,100
con,2400
coo,40
cop,0
coq,0
cos,31000
cot,300
cou,23670
cov,63600
cow,310
cox,250
coz,540
cpa,25000
cpb,7870
cpc,4000
cpg,0
cpn,111000
cps,639000
cpu,12000
cpy,13000
cra,13000
crc,1200
crd,2
crf,0
crh,175370
cri,69900
crj,7310
crk,260
crl,5310
crm,3000
crn,9480
cro,3000
crq,4400
crs,72700
crt,800
crv,5910
crw,7000
crx,1530
cry,1000
crz,0
csa,0
csb,50000
csh,34000
csi,0
csk,45100
csm,12
cso,3590
css,1
cst,0
csw,85
csy,10000
cta,2640
ctd,344000
cte,11800
ctg,13000000
ctl,1720
ctm,300
ctn,3710
cto,15040
ctp,16000
cts,77500
ctt,5000
ctu,145000
ctz,450
cua,12000
cub,6250
cuc,7410
cug,2000
cuh,70000
cui,2850
cuj,60
cuk,57100
cul,3900
cuo,49
cup,700
cuq,80000
cur,2050
cut,3140
cuu,50400
cuv,5000
cuw,100
cux,8680
cvg,850
cvn,440
cwa,14000
cwb,21000
cwd,75
cwe,98000
cwg,460
cwt,6210
cya,8940
cyb,798
cym,533000
cyo,123000
czn,8490
czt,40000
daa,60000
dac,350
dad,3500
dae,5000
dag,800000
dah,1570
dai,49900
daj,7000
dak,20460
dal,400
dan,5401000
dao,37000
daq,200000
dar,486000
das,4000
dau,70100
dav,254000
daw,147000
dax,170
daz,250
dba,2000
dbb,6000
dbd,30000
dbe,440
dbf,1500
dbg,15700
dbi,11400
dbj,10000
dbl,29
dbm,65000
dbn,30
dbo,100
dbp,11400
dbq,25000
dbr,23000
dbu,24700
dby,1950
dcc,12800000
dcr,0
ddd,5000
dde,75000
ddg,37000
ddi,2180
ddj,360
ddn,514100
ddo,11700
dds,45300
ddw,1270
dec,0
ded,6500
dee,8100
def,0
deg,10000
deh,13000
dei,400
dem,1000
deq,10000
der,28000
des,3420
deu,70226400
dev,2330
dez,8600
dga,700000
dgb,1000
dgc,610
dgd,21000
dge,790
dgg,200
dgh,30000
dgi,388000
dgk,34000
dgn,0
dgo,2280000
dgr,2080
dgs,9000
dgx,270
dgz,9000
dhd,1870000
dhg,270
dhi,19750
dhl,20
dhm,30000
dhn,139000
dho,169000
dhr,1
dhs,5000
dhu,0
dhv,13000
dhw,45800
dia,1840
dib,250000
dic,93800
did,60000
dif,10
dig,305000
dih,370
dii,140
dij,820
dik,450000
dil,5300
dim,570
dio,100000
dip,320000
diq,1500000
dir,9000
dis,112000
dit,0
diu,36200
div,340500
diw,80000
dix,50
diy,100
diz,155000
djb,45
djc,34000
djd,120
dje,2438900
djf,0
dji,210
djj,240
djk,33500
djm,130000
djn,43
djo,37000
djr,4282
dju,1640
djw,0
dka,2000
dkk,1500
dkr,0
dks,250000
dkx,17000
dlg,1050
dln,6000
dma,9840
dmc,3820
dme,5000
dmg,0
dmk,340
dml,5000
dmm,50
dmo,4500
dmr,2800
dms,2000
dmu,220
dmv,0
dmx,5000
dmy,1300
dna,20000
dnd,170
dne,100000
dng,40000
dni,20000
dnk,20000
dnn,13400
dnr,260
dnt,50000
dnu,1000
dnw,180000
dny,740
doa,12000
dob,10000
doc,463000
doe,24000
dof,950
doh,5000
dok,13000
dol,700
don,1800
doo,12900
dop,63600
dor,2410
dos,20000
dot,8830
dov,5430
dow,18000
dox,19700
doy,65
doz,20800
dpp,0
drb,1000
drd,1750
dre,1670
drg,55000
dri,90000
drl,24
drn,800
dro,7600
drq,3397
drs,975000
dru,10500
dry,11700
dsb,6670
dsh,60500
dsi,2370
dsq,100000
dta,96100
dtb,0
dti,500
dtk,127000
dtm,133000
dtp,141000
dtr,0
dts,50000
dtt,2900
dtu,3000
dua,87700
dub,252000
duc,11000
dud,73000
due,3000
duf,2000
dug,397000
duh,100000
dui,35
duk,470
dul,30
dun,20000
duo,1200
duq,4500
dur,47000
dus,7640
duu,14225
duv,930
duw,5000
dux,70000
duy,0
duz,0
dva,3550
dwa,7200
dww,2500
dya,14100
dyb,0
dyd,0
dyi,95500
dym,2000
dyo,407000
dyu,2500000
dyy,29
dza,2500
dzg,381000
dzl,22000
dzn,6000
dzo,171000
ebg,5000
ebo,20400
ebr,75900
ebu,429000
eee,30000
efa,6320
efe,20000
efi,400000
ega,2500
ego,140000
ehu,14200
eip,3000
eit,500
eiv,1200
eja,8230
eka,63000
eke,200000
ekg,100000
eki,5000
ekk,1040000
ekm,6400
eko,77000
ekp,30000
ekr,50000
eky,26000
ele,330
elh,50
eli,0
elk,1640
ell,11846920
elm,58000
elo,8
elu,220
ema,100000
emb,10000
eme,400
emg,0
emi,3651
emk,3498000
emn,800
emp,72200
ems,300
emu,200000
emw,250
ena,980
enb,180000
enc,200
end,110000
enf,40
enh,40
enn,20000
eno,1500
enq,230000
enr,2000
enu,30000
env,14000
enw,15000
eot,200
epi,12000
era,5000
erg,1900
erh,64000
eri,2210
erk,6000
ero,45000
err,0
ers,20000
ert,530
erw,200
ese,730
esh,0
esi,0
esk,5580
esq,80
ess,1910
esu,10000
etb,15000
etn,500
eto,52000
etr,1670
ets,274000
etu,116700
etx,40000
etz,1000
eus,544200
eve,5660
evh,19800
evn,16800
ewe,3112000
ewo,578000
ext,201500
eya,50
eyo,314000
eze,5000
faa,1200
fab,5000
fad,3380
faf,900
fag,1300
fai,4500
faj,50
fak,2400
fal,20000
fam,1000
fan,1306100
fao,45000
fap,10700
far,6700
fau,1400
fax,10500
fay,100000
fer,8000
ffm,1000000
fgr,0
fia,605000
fie,26100
fij,330000
fil,0
fin,5138900
fip,195000
fir,2500
fit,60000
fiw,300
fkv,5000
fla,64
flh,350
fli,25000
fll,16000
fln,0
flr,400000
fmp,124000
fmu,400000
fni,1100
fod,24500
foi,2800
fon,1435500
for,17000
fos,0
fpe,6000
fqs,2500
frc,25600
frd,50000
frp,137000
frq,280
frr,10000
frs,2000
frt,450
fry,467000
fub,907000
fuc,3691000
fud,3600
fue,280000
fuf,2779200
fuh,1230000
fui,24000
fuj,2680
fun,2930
fuq,450000
fur,300000
fut,1500
fuu,16000
fuv,11585000
fuy,14000
fvr,501800
fwa,1860
fwe,10200
gaa,600000
gab,34400
gad,30000
gae,650
gaf,8000
gag,168000
gah,25000
gai,2090
gaj,22100
gak,1500
gal,13680
gam,4000
gao,1880
gap,340
gaq,3060
gar,2620
gas,100000
gat,950
gau,8000
gaw,5000
gax,3949600
gay,300000
gaz,8920000
gbb,140
gbd,26
gbe,930
gbf,1200
gbg,17500
gbh,13500
gbi,79000
gbj,8000
gbk,110000
gbl,284000
gbm,2920000
gbn,600
gbo,84500
gbp,200000
gbq,32500
gbr,700000
gbs,65000
gbu,1
gbv,95000
gbx,80000
gby,350000
gbz,8000
gcc,2200
gcd,1
gce,0
gcf,849000
gcl,89200
gcn,1410
gcr,50000
gda,1010
gdb,15000
gdc,0
gdd,6950
gde,96000
gdf,55900
gdg,6000
gdh,3
gdi,9000
gdj,1
gdk,2500
gdl,65300
gdm,750
gdn,2400
gdo,130
gdq,100800
gdr,3500
gdu,5000
gdx,3000000
gea,9030
geb,2420
gec,64400
ged,72100
geh,40000
gei,2650
gej,327000
gek,14100
gel,36000
geq,550
ges,36500
gew,200000
gex,57500
gey,15000
gez,0
gfk,7000
gga,1220
ggb,5600
ggd,0
gge,60
ggg,35300
ggk,0
ggl,470
ggt,760
ggu,60000
ggw,22000
gha,10000
ghe,21500
ghh,4440
ghk,17000
ghl,16000
ghn,2510
gho,10000
ghr,10000
ghs,13000
ght,29
gia,210
gid,65700
gig,25400
gil,64040
gim,22500
gin,5
gip,3700
giq,300
gir,20
gis,20000
git,930
giw,1220
gix,12000
giz,60000
gji,6000
gjk,570000
gjn,230000
gju,992000
gka,130
gke,5
gkn,100000
gkp,460000
gla,58700
glc,1200
gld,1390
gle,254010
glg,2355000
glh,70000
glj,3500
glk,3270000
glo,25000
glr,4270
glu,10300
glv,0
glw,31300
gly,1000
gma,0
gmb,1570
gmd,2000
gmm,8000
gmn,3000
gmu,580
gmx,9000
gna,6000
gnb,14500
gnd,26000
gne,3000
gng,66000
gnh,0
gni,410
gnk,2000
gnl,0
gnm,1440
gnn,240
gno,1950000
gnq,0
gnr,0
gnt,350
gnu,1330
gnw,7000
gnz,1400
goa,500000
gob,350
goc,2740
god,26400
goe,2000
gog,1440000
goi,1100
gol,107300
gom,3633900
goo,690
gop,350
goq,1000
gor,1000000
gos,592000
gou,7000
gow,50000
gox,12000
goy,30
goz,0
gpa,15000
gpn,75
gqa,43000
gqi,6000
gqr,87000
gra,100000
grc,0
grd,15000
grg,380
grh,25000
gri,12100
grj,61600
grm,0
gro,26800
grq,15
grr,58000
grs,2500
grt,1009000
gru,255000
grv,30800
grw,26
grx,160
gry,23700
gsl,15400
gsn,800
gso,220000
gsp,590
gsw,6169000
gta,4
gua,1200
guc,321000
gud,102000
gue,590
guf,330
gug,4650000
guh,34200
gui,51230
guj,45700000
guk,219000
gul,350
gum,21000
gun,15000
guo,1000
gup,1220
guq,1000
gur,845100
gut,750
guu,19700
guw,579000
gux,813000
guz,2205300
gva,28
gvc,750
gve,400
gvf,51100
gvj,280
gvl,163000
gvm,3000
gvn,360
gvo,340
gvp,0
gvr,158000
gvs,470
gvy,0
gwa,25000
gwb,980
gwc,100000
gwd,68600
gwe,2200
gwf,200
gwg,5000
gwi,670
gwj,2500
gwn,27300
gwr,409000
gwt,9500
gwu,0
gww,50
gwx,60200
gxx,293000
gya,267000
gyb,2650
gyd,23
gye,1000
gyf,0
gyg,5000
gyi,4279
gyl,55700
gym,174100
gyn,650000
gyr,5930
gyy,0
gza,3000
gzi,7030
gzn,2900
haa,19
hac,200000
had,16000
hae,4530000
hag,6800
hah,1300
haj,71000
hal,17500
ham,2150
han,150000
hao,5000
hap,3000
haq,990000
har,25800
has,170
hat,6960000
hau,23960500
hav,506000
haw,2000
hax,10
hay,1300000
haz,2210000
hba,13000
hbb,175000
hbn,4410
hbo,0
hbu,2700
hca,10000
hch,17800
hdn,45
hdy,1250000
hea,1250000
heb,4850000
hed,40000
heg,14000
heh,805000
hei,90
hem,181000
her,237000
hgm,18400
hgw,1060
hhi,80
hhr,13200
hhy,95
hia,40000
hib,0
hid,200
hif,380000
hig,300000
hih,1500
hii,29700
hij,400
hik,10200
hil,5770000
hio,6540
hiw,150
hix,600
hka,2700
hke,200000
hkk,8770
hla,20000
hlb,593000
hld,4350
hle,15000
hlt,40000
hma,10000
hmb,25000
hmc,40000
hmd,300000
hme,14000
hmf,0
hmg,70000
hmh,56000
hmi,70000
hmj,60000
hml,61000
hmm,70000
hmp,35000
hmq,350000
hmr,83400
hms,500000
hmt,45000
hmu,900
hmv,0
hmw,14000
hmy,28000
hmz,252000
hna,11000
hnd,625000
hne,13300000
hnh,1000
hni,758620
hnj,210000
hnn,13000
hno,1880000
hnu,2700
hoa,460
hob,810
hoc,1040000
hod,0
hoe,1500
hoh,100
hoi,6
hoj,2460000
hol,28200
hom,0
hoo,15500
hop,6780
hor,0
hot,2300
hov,1000
how,140000
hoy,500
hoz,3000
hpo,0
hra,18700
hre,94000
hrk,18200
hrm,50000
hro,35000
hru,3000
hrx,3000000
hrz,28100
hsb,13300
hss,600
hto,6800
hts,800
htu,16000
hub,9330
huc,200
hud,300
hue,620
huf,940
hug,310
huh,2000
hui,150000
huj,84000
hul,3240
hum,400
hun,12290140
huo,1000
hup,8
huq,4000
hur,570
hus,131000
hut,4000
huu,7800
huv,11000
huw,0
hux,100
huz,1420
hve,2550
hvk,300
hvn,110000
hvv,500
hwa,2100
hwc,600000
hwo,32000
hya,2940
hye,4274000
iai,4080
ian,8440
iar,7000
iba,788400
ibb,1500000
ibd,140
ibe,10000
ibg,500000
ibl,111000
ibm,12000
ibn,10000
ibo,18000000
ibr,5000
ibu,35
iby,60000
ica,63000
ich,50200
icr,12000
ida,598000
idb,4970
idc,5000
idd,100000
ide,5000
idi,1610
idr,700
idt,13500
idu,600000
ifa,27100
ifb,43000
ife,182000
iff,0
ifk,30000
ifm,8150
ifu,30000
ify,8000
igb,1000000
ige,250000
igg,200
igl,800000
igm,1080
ign,4500
igo,910
igw,47800
ihp,5500
iii,2000000
ijc,1000000
ije,4800
ijj,50000
ijn,258000
ijs,71500
ike,34100
iki,5000
ikk,22800
ikl,50000
iko,30000
ikp,5320
ikt,410
ikv,13000
ikw,200000
ikx,7500
ikz,55000
ila,15000
ilb,82900
ilg,0
ili,120
ilk,50800
ilo,6920000
ilu,1400
ilv,5000
ima,1000
imi,1250
imn,250
imo,42500
imr,560
inb,18000
ing,40
inh,306000
inj,11200
inn,5520
ino,10000
inp,4
int,90000
inz,0
ior,280000
iou,1100
iow,0
ipi,26000
ipo,345
iqu,35
ire,70
irh,4000
iri,40000
irk,462000
irn,40
iru,200000
irx,1570
iry,10000
isa,280
isc,82
isd,30000
ish,300000
isi,51000
isl,230000
ism,10
isn,32400
iso,423000
ist,400
isu,10400
ita,58219610
itb,7500
ite,195
iti,9000
itk,250
itl,80
itm,5000
ito,5
itr,480
its,510000
itt,18000
itv,134000
itw,5000
itx,80
ity,12000
itz,12
ium,793300
ivb,1240
ivv,35000
iwk,3260
iwm,3000
iwo,6900
iws,2500
ixc,21
ixl,69000
iya,24700
iyo,14000
iyx,10000
izh,120
izr,50000
jaa,800
jab,100000
jac,9500
jad,29500
jae,2080
jaf,46300
jah,0
jaj,10
jal,1700
jam,2993100
jao,120
jaq,10000
jas,0
jau,350
jav,84300000
jay,40
jaz,990
jbj,1000
jbn,210000
jbr,200
jbt,1
jbu,2440
jct,200
jda,300
jdg,100000
jdt,96010
jeb,2500
jee,1760
jeh,25800
jei,2390
jek,1500
jel,400
jen,20100
jer,23000
jet,900
jeu,1500
jgb,0
jgo,63000
jhi,1000
jia,1500
jib,30000
jic,350
jid,6000
jie,100
jig,52
jih,4100
jii,23000
jil,650
jim,3500
jio,52300
jiq,50000
jit,205000
jiu,10000
jiv,35000
jiy,1000
jko,1000
jku,500
jle,38000
jma,750
jmb,2000
jmc,300000
jmd,25000
jmi,1000
jml,850
jmn,6500
jmr,3000
jms,1000
jmx,20000
jna,1990
jnd,5000
jng,50
jni,1150
jnj,92200
jnl,670
jns,100000
job,10000
jod,120000
jor,0
jow,10000
jpn,121000000
jqr,740
jra,262800
jrr,3420
jru,170
jua,7
jub,4000
jud,80000
juh,7000
juk,100000
jul,4830
jum,25000
jun,23700
juo,2000
jup,1240
jur,280
juu,900
juw,1610
juy,801000
jvd,0
jvn,0
jwi,18000
jyy,2200
kaa,407000
kab,5000000
kac,940000
kad,300000
kae,0
kaf,4000
kag,500
kah,4800
kai,150000
kaj,300000
kak,15000
kal,50000
kam,3893000
kan,37700000
kao,700000
kap,6800
kaq,50
kas,5465000
kat,4016300
kax,400
kay,400
kaz,7351600
kba,0
kbb,1986
kbc,1590
kbd,1516000
kbe,50
kbg,1330
kbh,4000
kbi,230
kbj,1000
kbk,1700
kbl,461000
kbm,2100
kbn,97460
kbo,17500
kbp,730000
kbq,63200
kbr,834000
kbs,1000
kbt,4300
kbu,1000
kbv,1690
kbw,200
kbx,10000
kby,480000
kbz,800
kca,9580
kcb,12
kcc,11400
kcd,150
kcf,18000
kcg,130000
kci,10000
kcj,690
kck,850000
kcl,2200
kcm,13200
kcn,41600
kco,305
kcp,8000
kcq,20000
kcr,14200
kcs,3000
kct,600
kcu,16400
kcv,8400
kcw,8400
kcx,4070
kcy,3000
kcz,51000
kda,0
kdc,45000
kdd,560
kde,1340000
kdf,6000
kdg,167000
kdh,257000
kdi,174000
kdj,736000
kdk,2180
kdl,100000
kdm,25400
kdn,157260
kdp,12000
kdq,36000
kdr,50
kdt,452800
kdu,7000
kdw,1200
kdx,5000
kdy,370
kdz,2980
kea,492000
keb,9230
kec,6070
ked,100000
kee,6680
kef,4000
keg,1400
kei,85000
kej,1960
kek,811200
kem,72000
ken,65000
keo,190000
kep,23700
keq,40000
ker,50500
kes,2000
ket,210
keu,56400
kev,19000
kew,45000
key,6600
kez,180000
kfa,200000
kfb,122000
kfc,20000
kfd,14000
kfe,930
kff,362000
kfg,2800
kfh,29400
kfk,65100
kfl,1750
kfm,21100
kfn,3000
kfo,40000
kfp,34600
kfq,574000
kfr,873000
kfs,295000
kft,91200
kfu,12000
kfv,3000
kfw,1400
kfx,109000
kfy,2360000
kfz,202000
kga,60000
kgb,600
kge,470000
kgf,7500
kgg,10
kgj,13100
kgk,18000
kgl,0
kgn,17600
kgo,21700
kgp,18000
kgq,8000
kgr,3000
kgs,42
kgt,15
kgu,720
kgv,240
kgx,3500
kgy,600
kha,843000
khb,550960
khc,120000
khd,10
khe,3500
khf,8000
khg,1380300
khh,200
khj,10500
khk,2358830
khl,2000
khm,13970400
khn,21900
khp,200
khq,200000
khr,241580
khs,600
kht,13000
khu,150000
khv,1740
khw,223000
khx,3500
khy,160000
khz,19400
kia,15400
kib,44300
kic,510
kid,1000
kie,18500
kif,7500
kig,3000
kih,1970
kii,2000
kij,20000
kik,6623000
kil,2000
kim,93
kin,7189000
kio,400
kip,20000
kiq,250
kir,2675890
kis,220
kit,2440
kiu,140000
kiv,78000
kiw,6000
kix,47800
kiy,250
kiz,10200
kja,300
kjb,77700
kjc,125000
kjd,9700
kje,20000
kjg,703500
kjh,42610
kji,3360
kjj,1000
kjk,150000
kjl,24500
kjm,13800
kjn,20
kjo,6330
kjp,1050000
kjq,3990
kjr,2180
kjs,45000
kjt,6000
kju,45
kjx,1000
kjy,10000
kjz,20000
kka,20000
kkb,15
kkc,490
kkd,500
kke,10000
kkf,8000
kkg,0
kkh,106880
kki,241000
kkj,119460
kkk,530
kkl,2300
kkm,100
kko,13000
kkp,100
kkq,13000
kkr,3050
kks,14000
kkt,1270
kkv,110000
kkw,38800
kkx,8000
kky,780
kkz,300
klb,10
klc,2500
kld,35
kle,33200
klf,1860
klg,83000
klh,200
kli,20000
klj,42100
klk,5520
kll,6000
klm,470
klo,200
klp,7
klq,1000
klr,14500
kls,5000
klt,1000
klu,222620
klv,1100
klw,2400
klx,900
kly,500
klz,3900
kma,3800
kmb,4000000
kmc,1000000
kmd,1500
kme,300
kmf,380
kmg,20000
kmh,15000
kmi,5000
kmj,12500
kmk,12700
kml,11200
kmm,14700
kmn,510
kmo,3000
kmp,3000
kmq,15000
kmr,19288000
kms,960
kmt,2500
kmu,8000
kmv,2400
kmw,400000
kmx,2750
kmy,35000
kmz,400000
kna,20000
knb,30000
knc,3240500
knd,500
kne,150000
knf,73400
kng,5016500
kni,10400
knj,56840
knk,323200
knl,32000
knm,1330
knn,2420000
kno,205000
knp,10000
knq,111
knr,300
kns,300
knt,700
knu,90000
knv,3000
knw,1760
knx,331700
kny,200000
knz,12070
koa,800
koc,0
kod,20000
koe,9120
kof,1500
kog,9910
koh,1000
koi,63100
kol,4000
koo,609000
kop,780
koq,43460
kor,74452400
kos,8000
kot,10000
kou,600
kov,42
kow,5000
koy,300
koz,510
kpa,3000
kpb,26000
kpc,11880
kpd,870
kpf,15000
kpg,3000
kph,1600
kpi,100
kpj,2670
kpk,11400
kpl,3000
kpm,166000
kpn,0
kpo,162500
kpq,8000
kpr,3630
kps,10000
kpt,260
kpu,1000
kpv,156000
kpw,10000
kpx,4000
kpy,1670
kpz,181000
kqa,3290
kqb,6000
kqc,1500
kqd,800
kqe,70000
kqf,900
kqg,1300
kqi,2700
kqj,2500
kqk,100000
kql,1250
kqm,8000
kqn,242000
kqo,73500
kqp,20000
kqq,10
kqr,0
kqs,327000
kqt,1000
kqv,4970
kqw,300
kqx,500
kqy,157000
kqz,10000
kra,12200
krc,305000
krd,15000
kre,375
krf,160
krh,40300
kri,473000
krj,378000
krk,8
krl,35600
krn,36400
krp,17640
krr,20700
krs,32000
krt,40000
kru,1800000
krv,6220
krw,65400
krx,15000
kry,5000
krz,100
ksb,664000
ksc,13000
ksd,61000
kse,2400
ksf,60000
ksg,2400
ksh,250000
ksi,420
ksj,1300
ksl,2580
ksm,3420
ksn,10000
ksp,83000
ksq,10000
ksr,2200
kss,200000
kst,20000
ksu,50
ksv,26000
ksw,1480000
ksx,30000
ksy,25000
ksz,15700
kta,4000
ktb,615000
ktc,2500
ktd,19
kte,2000
ktf,400
ktg,0
kth,10000
kti,8000
ktj,100
ktl,160
ktm,3000
ktn,210
kto,2400
ktp,185000
kts,4000
ktt,900
ktu,4200000
ktv,50500
ktw,92
ktx,270
kty,5900
ktz,33600
kua,668000
kub,46000
kuc,500
kud,1200
kue,115000
kuf,22800
kug,20000
kuh,11000
kui,1010
kuj,690000
kuk,6000
kul,15600
kum,426000
kun,194430
kuo,1050
kup,8200
kuq,10
kus,438200
kut,106
kuu,40
kuv,3180
kuw,3830
kux,440
kuy,21
kuz,2000
kva,1450
kvc,6750
kvd,1900
kve,0
kvf,17900
kvg,4500
kvh,700
kvi,16800
kvj,52500
kvl,16600
kvm,1500
kvn,3500
kvo,5680
kvp,330
kvq,40000
kvu,7300
kvv,7400
kvw,3700
kvx,250000
kvy,1000
kvz,780
kwa,85
kwb,7000
kwc,45300
kwd,13200
kwe,2500
kwf,32400
kwg,40000
kwh,600
kwi,13000
kwj,10000
kwk,500
kwl,110000
kwm,32700
kwn,84000
kwo,600
kwp,840
kwr,100
kws,60000
kwt,2000
kwu,10000
kwv,35000
kww,130
kwx,34300
kwy,537000
kwz,0
kxa,3200
kxb,9920
kxc,242000
kxf,10000
kxh,1480
kxi,0
kxj,7110
kxk,9300
kxl,28600
kxm,1400000
kxn,200
kxo,155
kxp,579000
kxq,80
kxr,400
kxs,1000
kxt,800
kxu,916000
kxv,158000
kxw,600
kxx,30200
kxy,25000
kxz,1090
kya,115000
kyb,15000
kyc,15400
kyd,610
kye,58000
kyf,10100
kyg,12300
kyh,12
kyi,2460
kyj,2000
kyk,363000
kyn,15100
kyo,5000
kyq,40000
kyr,3
kys,4150
kyt,10000
kyu,150000
kyw,37000
kyx,3500
kyy,140
kyz,1000
kza,30200
kzb,500
kzc,104000
kzd,350
kzf,55000
kzg,0
kzi,4640
kzk,0
kzm,700
kzn,280000
kzo,6000
kzp,26600
kzq,50
kzr,18000
kzs,0
kzu,50
kzv,300
kzy,2000
kzz,3290
laa,25000
lac,560
lad,10000
lae,11000
laf,600
lag,410000
lai,102000
laj,1490000
lak,5000
lam,201000
lan,5000
lao,3091600
lap,57150
laq,708
lar,74000
las,177000
lat,0
law,44000
lax,27100
laz,0
lbb,140
lbc,9000
lbe,146000
lbf,23050
lbj,105000
lbm,25000
lbn,19900
lbo,28100
lbq,5150
lbr,3720
lbt,5200
lbu,0
lbv,1310
lbw,331000
lbx,100000
lby,19
lbz,54
lcc,250
lcd,900
lch,429600
lcl,11900
lcm,12000
lcp,8000
lcq,6500
lcs,1830
ldb,78000
ldg,13000
ldh,3420
ldi,90600
ldj,10000
ldk,5000
ldl,10000
ldm,14400
ldo,8000
ldp,16000
ldq,6400
lea,400000
leb,353000
lec,20
led,761100
lee,130000
lef,48900
leh,128000
lei,270
lej,100000
lek,650
lel,26000
lem,6000
lep,60100
leq,1760
ler,250
les,50000
let,2000
leu,5000
lev,10000
lew,350000
lex,18000
ley,2000
lez,766000
lfa,10000
lga,2770
lgb,3
lgg,1637000
lgh,300
lgi,3
lgk,1250
lgl,6980
lgm,44900
lgn,1750
lgq,7500
lgr,13800
lgt,840
lgu,1890
lgz,43000
lha,5690
lhh,3890
lhi,192000
lhl,750
lhm,3130
lhn,350
lhp,2500
lhs,0
lht,650
lhu,530350
lia,335000
lib,80
lic,667000
lid,4200
lie,8400
lif,381300
lig,19000
lih,12600
lij,500000
lik,60000
lil,310
lim,1300000
lin,2130600
lio,11
lip,23400
liq,64400
lis,942700
lit,2800000
liu,2000
liv,1
lix,75
liy,183000
liz,10000
lje,10000
lji,800
ljl,105000
ljp,827000
lka,3250
lkb,253000
lkc,46870
lkd,1
lke,62000
lkh,8000
lki,1000000
lkj,3500
lkl,720
lkn,700
lko,125000
lkr,28000
lks,137000
lkt,6190
lky,12400
lla,46000
llb,162000
llc,23000
lld,31000
lle,1300
llg,20000
llh,120
lli,2100
llk,0
lll,450
llm,1700
lln,26000
llp,9500
llq,3000
llu,16900
llx,16000
lma,4600
lmb,400
lmc,0
lmd,30000
lme,35720
lmf,7000
lmg,3650
lmi,12000
lmj,8000
lmk,10000
lml,6500
lmn,4150000
lmo,3903000
lmp,73000
lmq,4000
lmr,4000
lmu,850
lmv,1630
lmw,1
lmx,5000
lmy,25000
lna,43000
lnd,47500
lnh,0
lni,600
lnj,0
lnl,150000
lnm,420
lnn,340
lno,38000
lns,240000
lnu,32000
loa,15000
lob,442000
loc,85800
loe,76000
lof,2600
log,210000
loh,3620
loi,8010
loj,1000
lok,138000
lol,400000
lom,195000
lon,850000
loo,10000
lop,5000
loq,60000
lor,8100
los,460
lot,135000
lou,70000
low,0
loy,3030
loz,696000
lpa,400
lpe,530
lpn,1000
lpo,250000
lpx,50000
lra,23300
lrc,1500000
lrg,23
lri,155000
lrl,80000
lrm,152500
lrn,220
lro,40000
lrr,2500
lrt,20000
lrv,680
lsa,1000
lsd,7500
lse,42000
lsh,2340
lsi,31800
lsm,480000
lsr,700
lss,15000
lti,7500
ltn,10
lto,122000
lts,253000
ltu,2130
ltz,336000
lua,6300000
lub,1510000
luc,300000
lud,3000
lue,635000
lug,4130000
lui,5
luj,50000
luk,700
lul,15000
lum,43900
lun,403000
luo,4184000
lup,22720
lus,687750
lut,10
luv,30000
luw,1
luz,875000
lva,56
lvk,1780
lvu,4000
lwa,21000
lwe,4000
lwg,309000
lwh,1600
lwl,7000
lwm,1600
lwo,80000
lwt,6000
lww,2200
lya,1100
lyg,6000
lyn,2880
lzl,15
lzn,7000
lzz,21000
maa,18900
mab,960
mad,6770000
mae,2000
maf,140910
mag,14000000
mah,43900
mai,33890000
maj,17500
mak,2130000
mal,33000000
mam,537980
maq,1500
mar,71700000
mas,1297000
mat,650
mau,74600
mav,9160
maw,220000
maz,74000
mba,30000
mbb,15000
mbc,18030
mbd,10000
mbe,0
mbf,12000
mbh,2500
mbi,14600
mbj,400
mbk,3330
mbl,1270
mbm,24800
mbn,300
mbo,45000
mbp,1850
mbq,2610
mbr,700
mbs,58000
mbt,50000
mbu,100000
mbv,5000
mbw,11000
mbx,80
mby,0
mbz,5630
mca,1500
mcb,5910
mcc,860
mcd,453
mce,850
mcf,2230
mcg,12
mch,5950
mci,4000
mcj,100
mck,218000
mcl,450
mcm,2150
mcn,233000
mco,5000
mcp,80000
mcq,10000
mcr,20000
mcs,10000
mcu,30000
mcv,300
mcw,6560
mcx,29000
mcy,890
mcz,470
mda,100000
mdb,700
mdc,970
mdd,51100
mde,296000
mdf,2030
mdg,10
mdh,1100000
mdi,60000
mdj,620000
mdk,15000
mdm,100000
mdn,60000
mdp,200000
mdq,100000
mdr,475000
mds,1350
mdt,105900
mdu,27200
mdv,5430
mdw,108000
mdx,33900
mdy,95000
mdz,260
mea,5200
meb,1570
mec,57
med,130000
mee,8400
mef,6870
meh,7340
mei,50000
mej,14800
mek,19000
mel,113280
mem,61
men,1499700
mep,210
meq,10000
mer,1660000
mes,0
met,580
meu,39000
mev,390000
mew,10000
mey,3238190
mez,35
mfc,36100
mfd,23100
mfe,800000
mff,3000
mfg,20000
mfh,18000
mfi,43500
mfj,11000
mfk,27500
mfl,50
mfm,166000
mfn,100000
mfo,65000
mfp,0
mfq,190800
mfr,15
mft,200
mfu,222000
mfv,310600
mfw,0
mfx,20200
mfy,32900
mfz,50000
mgb,42400
mgc,50000
mgd,70000
mge,52200
mgf,120
mgg,45000
mgh,1348000
mgi,50000
mgj,4000
mgk,850
mgl,5200
mgm,131000
mgn,2750
mgo,87000
mgp,533700
mgq,65000
mgr,502000
mgs,22000
mgt,340
mgu,8500
mgv,150000
mgw,72000
mgy,29000
mgz,24000
mha,4040
mhb,1000
mhc,140
mhe,2990
mhf,200
mhg,1
mhi,314000
mhk,50100
mhl,2390
mhm,200000
mhn,1900
mho,21430
mhp,25000
mhq,10
mhr,470000
mhs,33000
mht,3000
mhu,34850
mhw,35100
mhx,103500
mhy,150000
mhz,700
mia,2000
mib,8300
mic,8270
mid,5500
mie,6170
mif,60000
mig,6000
mih,10000
mii,1070
mij,400
mik,190
mil,5500
mim,30000
mio,20000
mip,10000
miq,183000
mir,20000
mit,3180
miu,460
miw,800
mix,9170
miy,11500
miz,2090
mjc,7820
mjd,3
mje,0
mjg,152000
mjh,6000
mji,374500
mjj,25
mjk,430
mjl,900000
mjm,510
mjn,570
mjo,18600
mjp,5850
mjq,0
mjr,0
mjs,6000
mjt,61000
mju,0
mjv,7850
mjw,420000
mjx,36000
mjz,44800
mka,200
mkb,51000
mkc,520
mkd,1341400
mke,99500
mkf,30000
mkg,5000
mki,148400
mkj,1050
mkk,9500
mkl,65500
mkm,1500
mkn,200000
mko,3000
mkp,570
mkr,650
mks,18700
mkt,100
mku,210000
mkv,250
mkw,1160000
mkx,26700
mky,20000
mkz,102000
mla,4000
mlb,100
mlc,169000
mle,2110
mlf,26200
mlh,1700
mli,5000
mlj,270
mlk,16800
mll,500
mlm,86000
mln,4140
mlo,5400
mlp,3750
mlq,858300
mlr,8500
mls,410900
mlt,393000
mlu,12600
mlv,1800
mlw,8500
mlx,600
mlz,8500
mma,20000
mmb,200
mmc,26600
mmd,30000
mme,1000
mmf,1000
mmg,5250
mmh,230
mmi,680
mmj,34300
mmk,29700
mml,900
mmm,180
mmn,5150
mmo,1500
mmp,220
mmq,360
mmr,820000
mmt,900
mmu,5300
mmv,55
mmw,400
mmx,3000
mmy,20000
mmz,42000
mna,4500
mnb,300000
mnc,20
mnd,2
mne,278000
mnf,34000
mng,30000
mnh,65000
mni,1485000
mnj,5300
mnk,1346000
mnl,400
mnm,270
mnn,30000
mnq,0
mnr,37
mns,940
mnu,85
mnv,4390
mnw,851000
mnx,12000
mny,173000
mnz,20000
moa,20000
moc,3000
moe,11000
mog,230000
moh,3540
moi,19000
moj,12600
mok,50
mom,10000
moo,6000
mop,14200
moq,30
mor,30000
mos,5036700
mot,5000
mou,7000
mov,100
mow,3020
mox,4010
moy,79900
moz,12000
mpa,80000
mpb,33
mpc,12
mpd,1080
mpe,18500
mpg,148000
mph,260
mpi,16000
mpj,880
mpk,1000
mpl,1700
mpm,2000
mpn,80
mpo,395
mpp,2600
mpq,320
mpr,910
mps,10000
mpt,1400
mpu,45
mpv,12
mpw,10
mpx,18000
mpz,900
mqa,6620
mqb,15000
mqc,7280
mqe,280
mqf,2000
mqh,3700
mqi,280
mqj,100000
mqk,7560
mql,39900
mqm,2700
mqn,37000
mqo,2000
mqp,1500
mqq,1200
mqr,20
mqs,12000
mqt,7
mqu,0
mqv,50
mqw,300
mqx,60000
mqy,900000
mqz,1180
mra,154
mrb,500
mrc,100
mrd,308000
mrf,300
mrg,551000
mrh,54800
mri,148000
mrj,30000
mrk,200
mrl,5900
mrm,1350
mrn,10800
mro,50000
mrp,150
mrq,5390
mrr,165000
mrs,15
mrt,158000
mru,300
mrv,600
mrw,776000
mrx,55
mry,250000
mrz,7000
msb,350000
msc,77000
mse,229000
msf,1200
msg,1000
msh,550000
msj,4700
msk,57800
msl,230
msm,60000
msn,1100
mso,250
msp,0
msq,1170
mss,850
msu,200
msv,250
msw,15500
msx,200
msy,8000
msz,10
mta,30000
mtb,300000
mtc,910
mtd,40000
mte,2940
mtf,1000
mtg,5600
mth,800
mti,1400
mtj,8000
mtk,1490
mtl,21900
mtn,18000
mto,5470
mtp,1910
mtq,1140000
mtr,5100000
mts,170
mtt,900
mtu,1020
mtv,1250
mtw,7570
mtx,380
mty,620
mua,235700
mub,35300
muc,200
mug,85900
muh,25800
muj,3
muk,7000
mum,2450
muo,30000
mup,5560000
muq,80000
mur,60001
mus,4000
mut,400000
muu,50
muv,16800
mux,40900
muy,30000
muz,7390
mva,7950
mvb,0
mvd,10000
mve,220000
mvf,3380000
mvg,710
mvh,5000
mvi,0
mvk,1400
mvl,0
mvm,10000
mvn,2300
mvo,8090
mvp,127000
mvq,50
mvr,1700
mvs,25
mvt,430
mvu,5000
mvv,2000
mvw,36000
mvx,250
mvy,200000
mvz,195000
mwa,120
mwb,1440
mwc,1230
mwe,469000
mwf,1830
mwg,3700
mwh,630
mwi,1100
mwk,434000
mwl,15000
mwm,183000
mwn,227000
mwo,1400
mwp,1210
mwq,15000
mws,70000
mwt,6000
mwu,0
mwv,58000
mww,1503400
mwz,4200
mxa,5430
mxb,5080
mxc,1025000
mxd,15300
mxe,3500
mxf,6000
mxg,400000
mxh,5100
mxj,18200
mxk,410
mxl,91300
mxm,2000
mxn,4600
mxo,460
mxp,5000
mxq,8000
mxr,1120
mxs,2400
mxt,9760
mxu,17000
mxv,46600
mxw,380
mxx,300000
mxy,4200
mxz,510
mya,32000000
myb,88300
myc,21000
mye,46700
myf,5000
myg,5300
myh,2236
myj,400
myk,738000
myl,5500
mym,151000
myo,500
myp,360
myr,3
mys,0
myu,7500
myv,36700
myw,6000
myx,1120000
myy,1170
myz,0
mza,2570
mzb,150000
mzd,2230
mze,1100
mzh,15000
mzi,8590
mzj,75400
mzk,99000
mzl,19200
mzm,400000
mzn,3270000
mzo,119
mzp,1450
mzq,14000
mzr,1250
mzs,50
mzt,180
mzu,1830
mzv,220000
mzw,26400
mzz,900
naa,30
nab,720
nac,6220
naf,16000
nag,30000
naj,21830
nak,13000
nal,5140
nam,180
nao,770
nap,5700000
naq,251100
nar,6120
nas,20000
nat,20000
nau,6000
nav,171000
naw,14000
nax,280
nay,160
naz,1400
nba,222000
nbb,7340
nbc,62400
nbd,4200
nbe,250000
nbh,60000
nbi,81000
nbj,370
nbk,170
nbl,1090000
nbm,99000
nbn,500
nbo,1000
nbp,3000
nbq,4400
nbr,40000
nbt,1500
nbu,61200
nbv,8000
nbw,105000
nby,150
nca,6900
ncb,10100
ncc,420
ncd,10000
nce,600
ncf,1840
ncg,610
nch,200000
ncj,60000
nck,57
ncl,3000
ncm,710
ncn,100
nco,6000
ncr,15500
nct,3600
ncu,69000
ncx,16000
ncz,6
nda,6990
ndb,25000
ndc,2380000
ndd,19500
nde,1567000
ndg,72000
ndh,220000
ndi,62000
ndj,55000
ndk,25000
ndl,8000
ndm,6500
ndn,3000
ndo,807000
ndp,133800
ndq,22300
ndr,62520
nds,1000
ndt,2500
ndu,7000
ndv,38600
ndw,10200
ndx,10000
ndy,18980
ndz,20000
neb,50000
nec,1500
nee,1090
neg,74
neh,10000
nej,640
nek,130
nem,910
nen,8720
neq,13000
ner,500
nes,6790
net,750
nev,3960
new,861000
nex,300
ney,9200
nez,100
nfa,5000
nfd,15000
nfl,8400
nfr,61000
nfu,24700
nga,1013650
ngb,250000
ngc,150000
ngd,5000
nge,18800
ngg,29000
ngh,12
ngi,80000
ngj,37000
ngk,11
ngl,1500000
ngn,22000
ngo,223000
ngp,132000
ngq,55000
ngr,210
ngs,21000
ngt,12900
ngu,150000
ngv,0
ngw,10000
ngx,2000
ngy,1400
ngz,45000
nha,0
nhb,17000
nhc,0
nhd,6960
nhe,410000
nhg,3500
nhh,20400
nhi,17100
nhk,5140
nhm,18700
nhn,40000
nho,1750
nhp,7000
nhq,7000
nhr,14000
nht,430
nhu,25000
nhv,310
nhw,400000
nhx,20000
nhy,9000
nhz,2470
nia,770000
nib,980
nid,0
nie,5160
nif,2000
nig,0
nih,662000
nii,12000
nij,890000
nik,7500
nim,455000
nin,35000
nio,130
niq,949000
nir,2000
nis,1700
nit,10000
niu,2030
niv,200
niw,350
nix,125000
niy,100000
niz,950
nja,179000
njb,33000
njh,170000
nji,3
njj,1800
njl,900
njm,132000
njn,34200
njo,261000
njr,6
njs,500
njx,52000
njy,7000
nka,36200
nkb,25600
nkc,2230
nkd,3000
nke,2310
nkg,430
nkh,40800
nki,23600
nkj,700
nkk,160
nkm,180
nkn,22300
nko,28000
nkr,860
nks,1000
nkt,25000
nku,29900
nkv,10000
nkw,40000
nkx,4550
nkz,5000
nla,45000
nlc,16000
nld,21560000
nle,273000
nlg,11900
nli,5000
nlj,43000
nlk,10500
nll,2000
nlo,8400
nlu,1800
nlv,120000
nlx,15000
nly,35
nma,37300
nmb,3350
nmc,61400
nmd,4310
nme,29000
nmf,142000
nmg,22000
nmh,3200
nmi,100
nmk,3750
nml,5950
nmm,390
nmn,4200
nmo,3700
nmp,0
nmq,105000
nmr,130
nms,800
nmt,940
nmu,1
nmv,0
nmw,1100
nmx,1200
nmy,5000
nmz,146000
nna,310
nnb,903000
nnc,81000
nnd,8700
nne,13100
nnf,2020
nng,22300
nnh,250000
nni,500
nnj,24300
nnk,2500
nnl,13000
nnm,6000
nnn,10000
nnp,49100
nnq,220000
nnt,400
nnu,8200
nnv,0
nnw,168000
nny,0
nnz,10000
noa,10800
noc,900
nod,6029500
noe,2150000
nof,6700
nog,87100
noh,400
noi,100000
nok,1600
nop,2300
noq,4080
nor,4640000
nos,75000
not,6500
nou,12900
now,400000
noy,36
noz,7190
npa,600
nph,123000
npl,92000
npn,300
npo,16700
nps,2500
npy,6100
nqg,200000
nqk,25000
nqm,1200
nqn,250
nra,12770
nrb,81400
nre,21000
nrg,160
nri,83600
nrl,26
nrm,0
nrz,3000
nsa,84300
nsd,210000
nse,613100
nsg,200
nsh,9200
nsk,620
nsm,104000
nsn,6500
nso,4620000
nss,1800
nst,100100
nsu,25000
nsw,520
nsx,50000
nsy,3000
nte,25000
nti,2400
ntj,1000
ntk,36000
ntm,66000
nto,100000
ntp,6200
ntr,16300
ntw,0
nty,1100
ntz,7030
nua,2400
nuc,425
nud,180
nue,5100
nuf,12670
nug,0
nuh,350
nui,9200
nuj,341000
num,690
nun,450
nuo,1000
nup,800000
nuq,700
nur,550
nus,891000
nut,969000
nuu,16000
nuv,45000
nuw,50
nux,6300
nuy,110
nuz,1550
nvh,5
nvm,1200
nwb,42700
nwe,73200
nwi,4500
nwm,1630
nwr,190
nxa,15000
nxd,220000
nxe,50000
nxg,60000
nxi,100
nxl,1500
nxn,0
nxr,6150
nxx,1630
nya,9779000
nyb,6400
nyc,48000
nyd,311000
nye,9380
nyf,944000
nyg,8400
nyh,63
nyi,70000
nyj,150000
nyk,300000
nyl,200
nym,980000
nyn,2330000
nyo,667000
nyp,15302
nyq,7030
nyr,10000
nys,410
nyt,0
nyu,439000
nyv,0
nyx,0
nyy,1105000
nza,56000
nzb,135100
nzi,328700
nzk,50000
nzm,34100
nzy,31500
oaa,47
oac,8
obi,0
obl,0
obo,60000
obu,3420
oca,194
oci,213810
ocu,100
odk,50000
odu,18000
ofu,10000
ogb,200000
ogc,170000
ogg,10000
ogo,200000
ogu,12000
oia,1220
oin,1300
ojb,20000
ojc,8000
ojg,25900
ojs,10500
ojv,2370
ojw,10000
oka,770
okb,50000
okd,3600
oke,25400
okh,0
oki,79000
okj,0
okk,150
okn,3200
okr,248000
oks,10000
oku,40000
okv,35000
okx,8700
ola,1500
old,597000
ole,500
olm,0
olo,30770
oma,85
omb,5000
omi,91000
oml,8400
omo,1170
omt,50
omu,0
omw,7000
ona,2
onb,600000
one,192
ong,13700
oni,500
onj,150
onk,300
onn,1000
ono,52
onp,1000
onr,2000
ons,10000
onu,750
ood,14094
oog,10300
oon,94
oor,32000
opa,30000
opk,400
opm,8000
opo,1120
opt,15
opy,2
ora,38
orc,66300
ore,220
org,75000
orh,1200
oro,13000
orr,5000
ort,200000
oru,6050
orw,2
orx,75000
ory,32100000
orz,500
osa,10
osi,300000
oso,19000
oss,551000
ost,400
osu,200
otd,78800
ote,100000
oti,0
otl,400
otm,49300
otn,10000
otq,33000
otr,10000
ots,20000
ott,37000
otu,0
otw,12500
otx,12000
otz,460
oua,5000
oub,6000
oue,1000
oum,0
owi,330
oyb,11200
oyd,36900
oym,1180
oyy,370
ozm,40000
pab,2000
pac,32500
pad,290
pae,28000
paf,50
pag,1160000
pah,580
pai,4000
pak,900
pam,1900000
pan,28200000
pao,700
pap,182000
paq,3000
par,20
pas,400
pat,520
pau,14800
pav,1930
paw,10
pay,990
paz,5880
pbb,40000
pbc,4700
pbe,2000
pbf,500
pbg,4326
pbh,3540
pbi,30000
pbl,5690
pbn,3000
pbo,136000
pbp,12730
pbr,95000
pbs,4350
pbt,10697000
pbu,18711100
pbv,247000
pby,100
pca,4000
pcb,1670
pcc,2649100
pcd,200000
pce,272000
pcf,9520
pcg,94000
pci,51200
pcj,0
pck,64100
pcl,49300
pcm,0
pcn,8100
pcp,17
pcw,17300
pda,1070
pdc,118000
pdi,1300
pdn,280
pdo,5000
pdt,178900
pdu,133000
pea,20000
peb,0
ped,1390
pee,350
pef,0
peg,0
peh,6000
pei,1360
pej,1
pek,550
pem,420000
pep,290
peq,0
pes,45025000
pex,2000
pey,0
pez,10055
pfa,1320
pfe,15000
pfl,0
pgg,17000
pgi,2140
pgk,380
pgs,0
pgu,3310
pha,33610
phd,1010
phg,15100
phh,5000
phk,2000
phl,10000
phm,6000
pho,35600
phq,350
phr,2500000
pht,866000
phu,307000
pia,650
pib,4000
pic,5000
pid,14580
pif,2500
pih,436
pii,10
pil,300000
pim,3000
pin,100
pio,6380
pip,25000
pir,1880
pis,24400
pit,0
piu,1690
piv,1660
piw,29000
pix,100
piy,5000
piz,180
pjt,2660
pkb,95000
pkg,970
pkh,3200
pko,703400
pkp,450
pkr,1370
pkt,700
pku,3500
pla,1500
plb,120
plc,12000
ple,10000
plg,4000
plh,50
pli,0
plj,22000
plk,200000
pll,150000
pln,500
plo,120
plr,8000
pls,8440
plt,7520000
plu,1540
plv,12000
plw,14400
ply,500
plz,5500
pma,6000
pmb,21000
pme,290
pmf,137000
pmi,35000
pmj,19000
pmm,44130
pmn,30
pmo,2000
pmq,5620
pmr,150
pms,1600000
pmt,4000
pmx,51000
pmy,500000
pmz,0
pna,450
pnb,62510000
pnc,9000
pne,3400
png,30000
pnh,200
pni,2630
pnm,30
pnn,600
pno,0
pnp,6000
pnq,7800
pnr,420
pns,3000
pnt,400000
pnu,1080
pnw,98
pnx,1000
pny,24600
pnz,85980
poc,49000
poe,5000
pof,46000
poh,92200
poi,30000
pol,36800550
pon,29000
poo,2
pop,40
poq,100
pos,3030
pot,50
pov,206000
pow,3000
poy,185000
ppe,70
ppi,100
ppk,20000
ppl,20
ppm,600
ppn,120
ppo,3000
ppq,50
pps,4730
ppt,2000
ppu,0
pqa,8000
pqm,590
prc,3500
pre,200
prg,0
prh,23000
pri,7250
prk,799000
prm,1180
prn,8000
prq,5500
prr,0
prs,7600000
prt,41900
pru,700
prw,430
prx,37700
psa,6500
psh,100000
psi,180000
psm,46
psn,800
psq,360
pss,4000
pst,6520000
psw,1200
psy,0
pta,600
pth,2950
pti,320
ptn,10600
pto,150
ptp,1700
ptr,150
ptt,50000
ptu,22000
ptv,1300
pty,1000
pua,135000
pub,500
pud,370
puf,140
pug,14300
pui,2880
puj,2000
pum,6690
puo,26570
pup,120
pur,2
puu,132060
puw,1360
pux,35
puy,0
pwa,4000
pwb,3500
pwg,3000
pwm,13680
pwn,66100
pwo,210000
pwr,426000
pww,60000
pye,20000
pym,3000
pyu,8490
pyy,600
pzn,1500
qua,34
qub,40000
quc,2330000
qud,25000
quf,20000
qug,800000
quh,2785120
quk,7000
qul,116000
qum,8000
qun,1500
qup,1550
qur,20500
qus,60000
quv,15000
quw,20000
qux,6500
quy,900000
quz,1500000
qva,90000
qvc,30000
qve,200000
qvh,72400
qvi,150000
qvj,30500
qvl,7000
qvm,83400
qvn,60000
qvo,24000
qvp,250
qvs,15000
qvw,250000
qvy,7000
qvz,10000
qwa,4000
qwh,336000
qws,6500
qxa,10000
qxc,6000
qxh,50000
qxl,14300
qxn,250000
qxo,250000
qxp,500000
qxq,1500000
qxr,100000
qxs,81300
qxt,10000
qxu,18600
qxw,25000
raa,6260
rab,76800
rac,200
rad,177000
raf,0
rag,618300
rah,165000
rai,10300
rak,1400
ral,900
ram,2500
ran,1100
rao,6000
rap,2400
raq,530
rar,13100
ras,35700
rat,0
rau,460
rav,18300
raw,63000
rax,0
ray,300
raz,5000
rbb,140600
rcf,555000
rdb,0
rea,590
reb,5000
ree,3030
reg,86000
rei,22000
rej,350000
rel,60000
rem,0
ren,18000
res,44000
ret,800
rey,4850
rga,75
rgk,1014
rgr,14
rgs,41000
rgu,12000
rhg,1000000
rhp,1430
ria,77000
rif,1270000
ril,15500
rim,595000
rin,50000
rir,45000
rit,32
riu,14000
rjg,6000
rji,3760
rjs,143000
rka,4200
rkb,40
rkh,320
rki,1000000
rkm,225000
rkt,15000000
rma,24
rmb,36
rmc,111100
rme,90000
rmf,10000
rmh,290
rmi,50
rmk,630
rmm,1700
rmn,335300
rmp,1590
rmt,1583000
rmx,200
rmy,4000
rmz,180600
rnd,251500
rng,722000
rnl,8000
rnn,1100
rnp,7500
rnw,18000
rob,340000
roc,3000
rod,0
roe,450
rof,0
rog,52900
roh,35100
rol,94000
ron,23079000
roo,4320
rop,4200
ror,4000
rou,43000
row,7000
rpt,330
rri,18
rro,15000
rth,500
rtm,9000
rtw,451000
rub,49000
ruc,160000
rue,614200
ruf,692000
rug,9870
ruh,0
ruk,100000
run,10000000
ruo,300
rup,88740
ruq,5000
rut,47400
ruu,0
rwa,640
rwk,90000
rwm,40100
rwo,11500
rwr,5622600
ryn,10000
rys,0
ryu,984000
saa,1340
sab,18000
sac,200
sad,40000
sae,7
saf,4000
sag,350000
sah,450000
saj,7500
sak,1000
sam,620
san,14100
sao,250
saq,237000
sar,0
sas,2100000
sat,6214900
sau,4800
sav,200000
saw,3500
sax,2500
say,300000
saz,185000
sba,896000
sbb,2700
sbc,600
sbd,85000
sbe,2500
sbf,400
sbg,1200
sbh,570
sbi,160
sbj,7890
sbk,158000
sbl,32900
sbm,79000
sbn,56500
sbp,75000
sbq,260
sbr,3180
sbs,30950
sbt,500
sbu,2500
sbw,3000
sbx,37000
sby,34100
sbz,13600
scb,1250
sce,200000
scg,45000
sch,25000
sci,46000
sck,3291180
scl,371400
scn,4700000
sco,100000
scp,10200
scq,10
scs,230
scu,2170
scv,6
scw,3000
sda,750000
sdb,10000
sdc,100000
sde,7170
sdf,0
sdg,3000
sdh,3000000
sdj,121000
sdm,20000
sdn,100000
sdo,49100
sdp,3100
sdr,166000
sdu,4000
sdx,420
sea,10000
sec,15
sed,97000
see,100
sef,862000
seg,7000
seh,1340000
sei,900
sek,60
sel,1020
sen,50000
seo,140
sep,38000
seq,50000
ses,430000
set,30000
seu,1200
sev,60000
sew,1520
sey,1230
sez,33000
sfm,84000
sfw,250000
sgb,8200
sgc,1916000
sge,2000
sgh,80000
sgi,10000
sgk,1500
sgm,0
sgp,2500
sgr,36000
sgt,5000
sgu,50
sgw,440000
sgz,3000
sha,8900
shb,900
shc,96000
she,38400
shg,6000
shh,1000
shi,3890000
shj,15000
shk,175000
shl,0
shm,0
shn,3295000
sho,6000
shp,26000
shq,23500
shr,654000
shs,680
sht,12
shv,25000
shw,3500
shx,910
shy,1400000
sia,100
sib,1730
sid,2980000
sie,16700
sif,20000
sig,36000
sii,400
sij,200
sil,105000
sim,5700
sin,15500000
sip,70300
siq,400
sir,3800
sis,0
siu,330
siv,80
siw,6600
six,2580
siy,7030
siz,20000
sja,3750
sjb,6000
sjd,350
sje,20
sjg,23500
sjl,6500
sjm,58000
sjo,30000
sjp,1220000
sjr,2080
sjs,50000
sjt,350
sju,20
sjw,200
skb,14730
skc,1500
skd,7
ske,300
skf,25
skg,350000
skh,20000
ski,175000
skj,700
skm,1300
skn,20000
sko,2500
skp,750
skq,6000
skr,13968000
sks,4350
skt,75000
sku,4000
skv,700
skw,0
skx,5000
sky,730
skz,450
slc,1550
sld,13000
sle,24000
slg,1240
slh,210
sli,12000
slk,4839890
sll,6500
slm,35200
sln,0
slp,180000
slr,70000
slt,2480
slu,8000
slv,2052520
slw,400
slx,60000
sly,128000
slz,4000
sma,600
smb,3040
smc,80
smd,24200
sme,20700
smf,410
smg,450
smh,20000
smj,2000
smk,51200
sml,105000
smm,50000
smn,300
smo,255700
smp,620
smq,900
smr,30000
sms,650
smt,10200
smu,4100
smv,0
smw,300000
smx,4200
smy,60000
smz,3000
sna,10723700
snb,9000
snc,18000
snd,20200000
sne,29200
snf,32900
sng,431000
sni,0
snj,34500
snk,2009000
snl,15000
snm,60000
snn,500
snp,29000
snq,20900
snr,570
sns,600
snu,250
snv,1960
snw,11300
snx,780
sny,1300
snz,500
soa,32300
sob,1000
soc,6000
sod,1300
soe,50000
soh,300
soi,580
sok,5000
sol,3200
som,13753000
soo,13000
sop,1000000
soq,2200
sor,7410
sos,17000
sot,5620000
sou,4500000
sov,360
sow,1180
sox,9000
soy,8700
soz,30000
spb,2600
spc,5
spd,550
spe,700
spg,50
spk,520
spl,7000
spm,650
spo,2
spp,350000
spr,10200
sps,1400
spt,10000
spu,2400
spv,519000
spy,241000
sqa,5000
sqh,0
sqm,50000
sqo,10000
sqq,2360
sqt,57000
squ,70
sra,130
srb,253000
src,500000
sre,4000
srf,160
srg,14000
srh,16000
sri,217
srk,0
srl,1800
srm,26000
srn,120000
sro,500000
srq,400
srr,1161900
srs,170
srt,100
sru,1010
srv,185000
srx,400000
sry,510
srz,0
ssb,215000
ssc,113000
ssd,1310
sse,85000
ssf,5
ssg,1000
ssi,76200
ssj,93
ssk,560
ssl,30000
ssm,670
ssn,12600
sso,300
sss,188000
sst,50100
ssu,10
ssv,450
ssw,2324200
ssx,3130
ssy,223800
ssz,1750
stb,85400
ste,3000
stf,180
stg,15000
sti,51540
stj,105000
stk,970
stm,280
stn,8410
sto,3160
stp,10600
stq,1000
str,25
sts,1000
stt,40000
stu,13080
stv,935000
stw,460
sua,2500
sub,50000
suc,125000
sue,3600
sug,350
sui,3510
suj,153000
suk,5430000
sun,34000000
suq,26900
sur,295000
sus,1028000
sut,5000
suv,20000
suw,191000
suy,350
suz,38200
sva,15000
svb,2800
svc,138000
sve,330
svs,2420
swb,92800
swc,2000
swe,9111000
swf,2500
swg,819000
swh,15333360
swi,300120
swj,39400
swk,270000
swm,90
swo,9
swp,6800
swq,5100
swr,300
sws,2840
swt,3000
swu,5000
swv,3000000
sww,20
swx,140
swy,2000
sxb,139000
sxe,1000
sxg,1800
sxn,255000
sxr,10
sxs,12500
sxu,2000000
sxw,170000
sya,60000
syb,140000
syc,0
syi,14690
syk,14800
syl,10000000
sym,38000
syn,60
syo,860
sys,12300
syw,100
sza,4100
szb,18000
szc,2000
sze,3000
szg,17000
szl,60000
szn,20000
szp,1100
szv,800
szw,12000
taa,15
tab,126000
tac,10000
tad,300
tae,100
taf,560
tag,13000
tah,63000
taj,1197500
tak,1000
tal,10000
tam,64470000
tan,130000
tao,3380
tap,281600
taq,281200
tar,30000
tat,4608800
tau,110
tav,400
taw,900
tax,500
tay,84300
taz,3800
tba,180
tbc,40000
tbd,630
tbe,15
tbf,4000
tbg,6000
tbh,0
tbi,67200
tbj,790
tbk,10000
tbl,95300
tbm,17000
tbn,300
tbo,20000
tbp,300
tbr,7300
tbs,740
tbt,150000
tbu,0
tbw,10000
tbx,2350
tby,15000
tbz,147500
tca,47200
tcb,60
tcc,87800
tcd,4400
tce,140
tcf,37500
tcg,3500
tch,10700
tci,700
tck,2000
tcl,0
tcm,500
tcn,2420
tco,40000
tcp,700
tcq,220
tcs,6040
tct,20000
tcu,5410
tcw,540
tcx,1560
tcy,1720000
tcz,269200
tda,26900
tdb,194000
tdc,1000
tdd,717400
tdf,29100
tdg,323000
tdh,20700
tdi,600
tdj,12000
tdk,3000
tdl,5000
tdn,92000
tdo,4000
tdq,3420
tdr,6000
tds,70
tdt,385000
tdv,3930
tdx,1300000
tdy,4150
tea,28000
tec,601000
ted,31210
tee,3000
tef,2080
teg,139300
tei,520
tek,203200
tel,73800000
tem,1230000
ten,0
teo,1909000
tep,0
teq,13000
ter,15800
tes,80000
tet,463500
teu,50
tev,1100
tew,1500
tex,10000
tey,2500
tfi,66000
tfn,75
tfo,100
tfr,3300
tft,42000
tga,100000
tgb,0
tgc,6000
tgd,2000
tge,3980
tgf,1500
tgh,300000
tgi,550
tgk,4274000
tgl,21500000
tgo,2000
tgp,800
tgq,550
tgs,900
tgt,2000
tgu,3000
tgw,138000
tgx,2
tgy,0
tha,20202460
thd,29
the,285000
thf,23700
thh,1
thi,4800
thk,176000
thl,674000
thm,700
thn,3000
thp,440
thq,258000
thr,486000
ths,5240
tht,130
thu,6600
thv,77000
thy,1000
thz,250000
tia,1000
tic,40000
tif,3600
tig,1050000
tih,0
tii,24500
tij,1420
tik,25000
til,0
tim,11000
tin,2150
tio,5000
tip,300
tiq,1000
tir,6860000
tis,7500
tit,2
tiu,4000
tiv,2210000
tiw,1740
tix,1600
tiy,50000
tiz,85000
tja,9600
tjg,50000
tji,70000
tjn,0
tjo,6000
tjs,1500
tju,0
tkb,43000
tkd,39500
tke,181000
tkg,1130000
tkl,1410
tkn,5100
tkp,3320
tkq,313000
tkr,23600
tks,220000
tkt,106000
tku,3400
tkw,520
tkx,100
tkz,6000
tla,8700
tlb,27700
tlc,500
tld,82000
tlf,5400
tlg,250
tli,630
tlj,99400
tlk,550
tll,750000
tlm,900
tln,1200
tlo,1500
tlp,15100
tlq,4960
tlr,12500
tls,50
tlt,17000
tlu,18800
tlv,4520
tlx,1600
tly,912000
tma,67900
tmb,700
tmc,25200
tmd,2000
tmf,1680
tmg,0
tmi,500
tmj,400
tml,290
tmm,20000
tmn,30000
tmo,0
tmq,790
tmr,0
tms,0
tmt,150
tmu,600
tmv,5000
tmy,2100
tmz,0
tna,1820
tnb,700
tnc,300
tnd,50
tng,30000
tnh,3040
tnk,3500
tnl,11500
tnm,3750
tnn,5000
tnp,7500
tnq,0
tnr,3380
tns,30
tnt,150000
tnu,200
tnv,21600
tnw,20000
tnx,8
tny,13000
tnz,195
tob,41510
toc,48100
tod,220000
tof,1050
tog,170000
toh,375000
toi,1467000
toj,34300
tol,1
tom,60000
ton,96300
too,3000
top,80000
toq,100000
tor,24000
tos,120000
tou,68400
tov,0
tow,1790
tox,22
toy,450
tpa,1280
tpc,590
tpe,85000
tpf,630
tpg,5000
tpi,122000
tpj,2520
tpl,7500
tpm,16000
tpo,3300
tpp,4000
tpq,610
tpr,340
tpt,3000
tpu,31000
tpv,10
tpx,40200
tpy,51
tpz,3900
tqb,150
tql,250
tqm,5
tqn,50
tqo,23000
tqp,700
tqq,23000
tqr,2
tqt,1610
tqu,1870
tqw,0
tra,100
trb,130
trc,25000
trd,2000
tre,6110
trf,1000000
trg,4230
trh,25
tri,2130
trj,8460
trm,3500
trn,5500
tro,870
trp,783000
trq,2000
trr,1
trs,4060
trt,500
tru,10000
trv,20000
trw,80000
trx,850
try,0
trz,51
tsa,22210
tsb,18000
tsc,1160000
tsd,200
tsg,1062000
tsh,2300
tsi,350
tsj,158200
tsk,12600
tsl,10000
tsn,5181700
tso,3990000
tsp,19500
tsr,650
tsu,2130
tsv,12000
tsw,100000
tsx,1730
tsz,40000
ttb,10000
ttc,4970
ttd,7000
tte,2400
ttf,1000
ttg,16600
tth,49900
tti,100
ttj,488000
ttk,4
ttl,1120
ttm,210
ttn,120
tto,15800
ttp,1100
ttq,640000
ttr,101000
tts,15000000
ttt,28010
ttu,600
ttv,3850
ttw,600
tty,800
ttz,4790
tua,460
tub,5
tuc,3500
tud,1630
tue,940
tuf,2500
tug,2260
tuh,2000
tui,229000
tuj,2590
tuk,6930920
tul,30000
tum,2566000
tun,0
tuo,6600
tuq,40500
tur,67482800
tus,9
tuv,989000
tux,0
tuy,140000
tuz,37000
tva,1960
tvd,130000
tvk,3700
tvl,10700
tvm,1050
tvn,400000
tvo,26000
tvs,21000
tvt,25000
tvw,900
tvy,0
twa,350
twb,6810
twe,4000
twf,1070
twg,800
twh,495000
twl,60000
twn,30
two,2000
twp,1030
twq,8000
twr,100
twt,30
twu,30000
tww,360
twx,250000
twy,20000
txa,0
txe,25000
txi,310
txm,30000
txn,7910
txo,1400
txq,20000
txs,90000
txt,8000
txu,7100
txx,0
txy,510000
tya,350
tye,12000
tyh,950
tyi,95900
tyj,300
tyn,4000
typ,0
tyr,105000
tys,300
tyt,0
tyu,820
tyv,283400
tyx,14400
tyz,1630000
tzh,372000
tzj,83800
tzm,2340000
tzn,1200
tzo,235000
tzx,2080
uan,2500
uar,4500
uba,11100
ubi,1100
ubr,2560
ubu,34200
uby,0
uda,10000
ude,100
udg,3370
udi,3800
udj,1030
udl,10500
udm,324000
udu,0
ues,1000
ufi,550
ugb,0
uge,1200
ugo,80
uha,13600
uhn,14000
uig,8701500
uis,2500
uiv,2000
uji,8540
uka,600
ukg,170
ukh,2000
ukp,21500
ukq,100
ukr,32218400
uku,14100
ukw,150000
ula,1000
ulb,10000
ulc,150
ulf,110
uli,3000
ulk,210
ulm,30000
ulu,3000
uma,25
umb,6000000
umd,0
umg,0
umi,120
umm,20000
umn,4000
umo,125
ump,100
umr,0
ums,4500
umu,7
una,630
une,19800
ung,57
unk,320
unm,13500
unr,1120280
unz,25000
upi,290
upv,9000
ura,3000
urb,800
urc,0
ure,2
urg,1400
urh,546000
uri,3740
urm,370
urn,400
uro,1900
urr,250
urt,6280
uru,0
urv,0
urw,2250
urx,800
ury,1600
urz,87
usa,1300
ush,2000
usi,22400
usk,10000
usp,2000
usu,270
uta,15000
ute,920
utp,590
utr,10000
utu,580
uum,192700
uun,1
uur,6
uuu,40000
uve,2220
uvh,2500
uvl,5500
uwa,40
uya,200
uzn,17695000
uzs,2911980
vaa,9300
vae,5400
vaf,18000
vag,13500
vah,6970000
vai,119500
vaj,61300
val,70
vam,2670
van,1740
vao,1900
vap,40000
var,2840
vas,1200000
vau,6700
vav,600000
vay,1520
vbb,4460
vec,3852500
ved,0
vem,15000
ven,1294000
veo,0
vep,3610
ver,110520
vgr,10000
vic,76500
vid,32000
vie,65807200
vif,11000
vig,8000
vin,10000
vis,150
vit,0
viv,6000
vka,0
vki,0
vkj,1000
vkl,22000
vkm,0
vko,1500
vkp,750
vku,50
vlp,300
vls,1202000
vma,5
vmb,0
vmc,16000
vmd,0
vme,520
vmf,4910000
vmg,600
vmh,0
vmi,0
vmj,6380
vmk,618000
vml,0
vmm,1800
vmp,27500
vmq,220
vmr,90000
vmu,0
vmv,0
vmw,3090000
vmx,1400
vmy,3700
vmz,12000
vnk,10
vnm,500
vnp,380
vor,0
vot,68
vro,60000
vrs,5160
vrt,900
vto,630
vum,2460
vun,300000
vut,21000
vwa,98000
waa,25
wab,120
wac,58
wad,5000
wae,22780
wag,1020
wah,4000
waj,1300
wal,1710000
wam,4000
wan,22000
wao,53
wap,12500
waq,10
war,2560000
was,10
wat,360
wau,320
wav,5000
waw,2230
wax,590
way,850
waz,530
wba,28100
wbb,1500
wbe,150
wbf,4500
wbh,24000
wbi,28000
wbj,30000
wbk,11500
wbl,58000
wbm,40700
wbp,2510
wbq,172000
wbr,2510000
wbt,20
wbv,89
wbw,1800
wca,6000
wci,476000
wdd,10500
wdg,950
wdj,12
wdu,0
wec,25200
wed,2200
weh,6900
wei,490
wem,60000
weo,6000
wep,0
wer,4160
wes,0
wet,280
wew,55000
wfg,230
wga,0
wgg,0
wgi,39000
wgo,300
wgy,3
wha,7000
whg,47000
whk,9000
wib,19500
wic,1
wie,0
wig,130
wih,12
wii,100
wij,40
wik,86
wil,0
wim,1060
win,250
wir,0
wiu,15300
wiv,8800
wiy,450
wja,60000
wji,77700
wka,0
wkd,550
wkl,750
wku,1000
wkw,0
wla,230
wlc,27200
wle,0
wlg,16
wli,3000
wlk,0
wll,15000
wln,600000
wlo,65000
wlr,100
wls,9620
wlu,0
wlv,25000
wlw,20000
wlx,138000
wly,0
wmb,89
wmc,220
wmd,330
wme,13500
wmh,18400
wmi,0
wmm,50000
wmn,0
wmo,4260
wms,3000
wmt,510
wmw,100000
wnb,590
wnc,8200
wnd,0
wne,95000
wng,1180
wni,264000
wnk,10000
wnm,0
wno,1000
wnp,1070
wnu,1400
wob,156000
woc,1620
wod,5000
woe,1630
wof,185000
wog,700
woi,6000
wok,2400
wol,3942000
wom,5000
won,12700
woo,9110
wor,5
wos,7200
wow,30000
wpc,2500
wra,300
wrb,0
wrg,0
wrh,100
wri,0
wrl,47
wrm,310
wrn,1100
wrp,6000
wrr,84
wrs,4000
wru,350
wrv,600
wrw,0
wrx,3000
wry,3900000
wrz,0
wsa,600
wsi,300
wsk,20000
wsr,350
wss,309000
wsv,60
wtf,510
wti,209000
wtk,350
wtm,645000
wtw,500
wua,50
wub,30
wud,2000
wuh,2000
wul,5000
wum,18300
wun,36000
wur,0
wut,900
wuv,1000
wux,1
wuy,300
wwa,50000
wwo,200
wwr,0
www,3000
wxa,300000
wya,24
wyb,12
wym,70
wyr,8
wyy,57000
xab,6
xac,59000
xal,360500
xam,0
xan,213000
xar,0
xas,0
xat,10
xau,400
xav,9600
xaw,5
xay,1300
xbi,2970
xbr,240000
xdy,520000
xed,29000
xeg,0
xel,200
xem,11000
xer,1810
xes,770
xeu,5970
xhe,4000
xho,8168000
xir,903
xiy,1
xka,6000
xkb,70000
xkc,0
xkd,1500
xke,500
xkf,50000
xkg,15000
xkj,0
xkk,3370
xkl,52000
xkn,2000
xkp,0
xkq,500
xkr,4643
xks,3400
xkt,2300
xku,3020
xkv,40000
xkw,20
xkx,550
xky,2750
xkz,15000
xla,800
xmb,1490
xmc,463000
xmd,6000
xmf,500000
xmg,20000
xmh,31
xmj,500
xmp,0
xmt,1250
xmu,0
xmv,330000
xmw,1615000
xmx,600
xmy,0
xmz,14000
xnb,4
xnn,70000
xnr,1700000
xns,1400
xod,3700
xog,2060000
xoi,320
xok,760
xom,18530
xon,550100
xoo,6363
xop,540
xor,26
xow,25
xpe,760000
xpk,32
xrb,35000
xru,5
xrw,63
xsb,70000
xse,1000
xsh,0
xsi,3500
xsl,530
xsm,250000
xsn,20100
xsp,180
xsq,212000
xsr,164100
xsu,5070
xsy,4750
xta,10000
xtb,3790
xtc,75000
xtd,3410
xte,9970
xti,1110
xtj,330
xtl,3250
xtm,7350
xtn,12300
xtp,460
xts,34
xtt,390
xtu,1880
xtw,0
xty,10600
xua,2500
xub,32000
xug,5000
xuj,35000
xuo,20250
xut,0
xuu,6790
xvi,20000
xwa,7
xwe,65000
xwg,1640
xwl,71000
xwr,300
xxk,40000
yaa,1570
yab,400
yac,5000
yad,5690
yae,7900
yaf,900000
yag,1
yah,9000
yai,12000
yaj,26500
yak,25
yal,104500
yam,80000
yao,3116000
yap,6590
yaq,12230
yar,20
yas,35000
yat,3700
yau,640
yav,2300
yaw,15
yay,20000
yaz,120000
yba,200000
ybb,300000
ybe,4600
ybh,20410
ybi,9210
ybj,3000
ybk,10000
ybl,15950
ybm,700
ybn,90
ybo,1500
ybx,66
yby,2000
ych,3300
ycl,380000
ycn,1800
ycp,2000
yde,180
ydg,6150
ydk,770
yea,26900
yee,300
yei,0
yel,33000
yer,300000
yes,70000
yet,1000
yeu,69500
yev,60
yey,55000
ygl,45
ygm,280
ygp,100000
ygr,21100
ygw,10000
yha,600
yhl,36000
yia,5
yif,35000
yig,500000
yih,5000
yii,150
yij,310
yik,30000
yil,0
yim,92100
yin,12000
yip,30000
yiq,30000
yir,1500
yis,320
yit,38000
yiu,20000
yiv,160000
yix,100000
yiz,54000
yka,106000
ykg,370
yki,200
ykk,100
ykl,21000
ykm,3460
yko,2400
ykr,1050
ykt,5000
yky,100000
yla,1210
yle,3750
ylg,160
yli,15000
yll,2470
ylm,29000
yln,300
ylo,15000
ylr,0
ylu,500
yly,1960
ymb,1080
ymc,26000
ymd,2000
yme,0
ymh,23000
ymi,2000
ymk,32000
yml,2800
ymm,1860000
ymn,560
ymo,730
ymp,1580
ymq,1500
ymr,7760
ymx,9000
ymz,10000
yna,25000
ynd,0
yng,3000
ynk,510
ynl,400
yno,12600
yns,100000
ynu,0
yob,0
yog,16000
yoi,800
yok,50
yom,1056400
yon,6000
yor,18900000
yox,950
yoy,6000
ypa,12000
ypb,17000
ypg,13000
yph,1300
ypm,8000
ypn,10000
ypo,500
ypp,3000
ypz,6000
yra,380
yrb,750
yre,40000
yrk,21900
yrl,19060
yrn,380
yrw,130
ysd,400
ysn,100000
yso,36000
ysr,0
yss,1990
ysy,8000
yta,13600
ytl,950
ytp,200
yua,741000
yub,0
yuc,5
yuf,1600
yui,1150
yuj,1140
yuk,1200
yul,10000
yum,150
yun,95000
yup,6020
yuq,120
yur,12
yut,9000
yuw,1700
yux,370
yuy,4000
yuz,2680
yva,10000
yvt,1
ywa,1370
ywl,38000
ywn,520
ywq,250000
ywt,213000
ywu,150000
yww,0
yyu,140
yyz,50
yzg,600
yzk,13000
zaa,4000
zab,28000
zac,15000
zad,5000
zae,2900
zaf,880
zag,162000
zah,100
zai,85000
zaj,0
zak,100000
zal,2100
zam,1000
zao,6500
zaq,3400
zar,29200
zas,5500
zat,2000
zau,12000
zav,2500
zaw,19500
zax,340
zay,18500
zbc,1500
zbe,1100
zbt,2900
zbw,1000
zca,4880
zch,1080000
zdj,300000
zea,220000
zeg,1820
zeh,1200000
zen,200
zga,140000
zgb,1500000
zgm,173000
zgn,1000000
zgr,100
zhb,7800
zhd,100000
zhi,0
zhn,500000
zhw,0
zia,4500
zik,1500
zim,20100
zin,138000
zir,2000
ziw,355000
ziz,6200
zka,2200
zkp,0
zkr,900
zlj,1560000
zln,48000
zlq,370000
zma,25
zmb,120000
zmc,0
zmd,20
zme,0
zmf,8400
zmg,3
zmh,0
zmj,20
zmk,0
zml,15
zmm,15
zmn,5200
zmo,100
zmp,165000
zmq,50900
zmr,15
zms,8400
zmt,30
zmu,0
zmv,0
zmw,11000
zmx,9600
zmy,20
zmz,361060
zna,5000
zne,1142000
zng,3160
zns,100
zoc,10000
zoh,4500
zom,81900
zoo,100
zoq,2
zor,2100
zos,20000
zpa,5000
zpb,310
zpc,12000
zpd,6000
zpe,8000
zpf,14800
zpg,4720
zph,260
zpi,2000
zpj,4000
zpk,140
zpl,6500
zpm,7000
zpn,2240
zpo,10000
zpp,900
zpq,1000
zpr,2500
zps,500
zpt,3380
zpu,3500
zpv,2720
zpw,770
zpx,1500
zpy,2200
zpz,4100
zqe,140000
zrn,2240
zro,5
zrs,3300
zsa,600
zsr,12000
zsu,1160
zte,200
ztg,2500
ztl,4200
ztm,59
ztn,1000
ztp,75000
ztq,4000
zts,5000
ztt,120
ztu,9500
ztx,550
zty,5000
zua,400
zuh,6000
zul,11851000
zum,2300
zun,9650
zuy,25
zwa,4880
zyb,1980000
zyg,765000
zyj,870000
zyn,1800000
zyp,20000
zzj,1500000
